t,theta_wrapped,theta_unwrapped,gap,d_cath
14.990000,4.1887759686,4.1887759686,9.993008e-04,2.000000e-05
14.995000,4.1887759566,4.1887759566,9.928732e-04,2.000000e-05
15.000000,4.1887759445,4.1887759445,9.864455e-04,2.000000e-05
15.005000,4.1887759323,4.1887759323,9.800179e-04,2.000000e-05
15.010000,4.1887759200,4.1887759200,9.735903e-04,2.000000e-05
15.015000,4.1887759077,4.1887759077,9.671626e-04,2.000000e-05
15.020000,4.1887758952,4.1887758952,9.607350e-04,2.000000e-05
15.025000,4.1887758827,4.1887758827,9.543074e-04,2.000000e-05
15.030000,4.1887758701,4.1887758701,9.478797e-04,2.000000e-05
15.035000,4.1887758574,4.1887758574,9.414521e-04,2.000000e-05
15.040000,4.1887758447,4.1887758447,9.350245e-04,2.000000e-05
15.045000,4.1887758318,4.1887758318,9.285968e-04,2.000000e-05
15.050000,4.1887758189,4.1887758189,9.221692e-04,2.000000e-05
15.055000,4.1887758059,4.1887758059,9.157416e-04,2.000000e-05
15.060000,4.1887757928,4.1887757928,9.093139e-04,2.000000e-05
15.065000,4.1887757797,4.1887757797,9.028863e-04,2.000000e-05
15.070000,4.1887757665,4.1887757665,8.964587e-04,2.000000e-05
15.075000,4.1887757532,4.1887757532,8.900311e-04,2.000000e-05
15.080000,4.1887757399,4.1887757399,8.836034e-04,2.000000e-05
15.085000,4.1887757265,4.1887757265,8.771758e-04,2.000000e-05
15.090000,4.1887757130,4.1887757130,8.707482e-04,2.000000e-05
15.095000,4.1887756995,4.1887756995,8.643205e-04,2.000000e-05
15.100000,4.1887756859,4.1887756859,8.578929e-04,2.000000e-05
15.105000,4.1887756722,4.1887756722,8.514653e-04,2.000000e-05
15.110000,4.1887756585,4.1887756585,8.450376e-04,2.000000e-05
15.115000,4.1887756448,4.1887756448,8.386100e-04,2.000000e-05
15.120000,4.1887756309,4.1887756309,8.321824e-04,2.000000e-05
15.125000,4.1887756171,4.1887756171,8.257548e-04,2.000000e-05
15.130000,4.1887756031,4.1887756031,8.193271e-04,2.000000e-05
15.135000,4.1887755891,4.1887755891,8.128995e-04,2.000000e-05
15.140000,4.1887755751,4.1887755751,8.064719e-04,2.000000e-05
15.145000,4.1887755610,4.1887755610,8.000442e-04,2.000000e-05
15.150000,4.1887755469,4.1887755469,7.936166e-04,2.000000e-05
15.155000,4.1887755327,4.1887755327,7.871890e-04,2.000000e-05
15.160000,4.1887755184,4.1887755184,7.807614e-04,2.000000e-05
15.165000,4.1887755041,4.1887755041,7.743337e-04,2.000000e-05
15.170000,4.1887754898,4.1887754898,7.679061e-04,2.000000e-05
15.175000,4.1887754754,4.1887754754,7.614785e-04,2.000000e-05
15.180000,4.1887754610,4.1887754610,7.550509e-04,2.000000e-05
15.185000,4.1887754465,4.1887754465,7.486232e-04,2.000000e-05
15.190000,4.1887754320,4.1887754320,7.421956e-04,2.000000e-05
15.195000,4.1887754174,4.1887754174,7.357680e-04,2.000000e-05
15.200000,4.1887754028,4.1887754028,7.293404e-04,2.000000e-05
15.205000,4.1887753882,4.1887753882,7.229127e-04,2.000000e-05
15.210000,4.1887753735,4.1887753735,7.164851e-04,2.000000e-05
15.215000,4.1887753588,4.1887753588,7.100575e-04,2.000000e-05
15.220000,4.1887753440,4.1887753440,7.036299e-04,2.000000e-05
15.225000,4.1887753293,4.1887753293,6.972022e-04,2.000000e-05
15.230000,4.1887753144,4.1887753144,6.907746e-04,2.000000e-05
15.235000,4.1887752995,4.1887752995,6.843470e-04,2.000000e-05
15.240000,4.1887752846,4.1887752846,6.779194e-04,2.000000e-05
15.245000,4.1887752697,4.1887752697,6.714917e-04,2.000000e-05
15.250000,4.1887752547,4.1887752547,6.650641e-04,2.000000e-05
15.255000,4.1887752397,4.1887752397,6.586365e-04,2.000000e-05
15.260000,4.1887752247,4.1887752247,6.522089e-04,2.000000e-05
15.265000,4.1887752096,4.1887752096,6.457813e-04,2.000000e-05
15.270000,4.1887751945,4.1887751945,6.393536e-04,2.000000e-05
15.275000,4.1887751793,4.1887751793,6.329260e-04,2.000000e-05
15.280000,4.1887751641,4.1887751641,6.264984e-04,2.000000e-05
15.285000,4.1887751489,4.1887751489,6.200708e-04,2.000000e-05
15.290000,4.1887751337,4.1887751337,6.136431e-04,2.000000e-05
15.295000,4.1887751184,4.1887751184,6.072155e-04,2.000000e-05
15.300000,4.1887751031,4.1887751031,6.007879e-04,2.000000e-05
15.305000,4.1887750878,4.1887750878,5.943603e-04,2.000000e-05
15.310000,4.1887750724,4.1887750724,5.879327e-04,2.000000e-05
15.315000,4.1887750570,4.1887750570,5.815050e-04,2.000000e-05
15.320000,4.1887750416,4.1887750416,5.750774e-04,2.000000e-05
15.325000,4.1887750262,4.1887750262,5.686498e-04,2.000000e-05
15.330000,4.1887750107,4.1887750107,5.622222e-04,2.000000e-05
15.335000,4.1887749952,4.1887749952,5.557946e-04,2.000000e-05
15.340000,4.1887749797,4.1887749797,5.493670e-04,2.000000e-05
15.345000,4.1887749641,4.1887749641,5.429393e-04,2.000000e-05
15.350000,4.1887749486,4.1887749486,5.365117e-04,2.000000e-05
15.355000,4.1887749330,4.1887749330,5.300841e-04,2.000000e-05
15.360000,4.1887749173,4.1887749173,5.236565e-04,2.000000e-05
15.365000,4.1887749017,4.1887749017,5.172289e-04,2.000000e-05
15.370000,4.1887748860,4.1887748860,5.108013e-04,2.000000e-05
15.375000,4.1887748703,4.1887748703,5.043736e-04,2.000000e-05
15.380000,4.1887748546,4.1887748546,4.979460e-04,2.000000e-05
15.385000,4.1887748388,4.1887748388,4.915184e-04,2.000000e-05
15.390000,4.1887748231,4.1887748231,4.850908e-04,2.000000e-05
15.395000,4.1887748073,4.1887748073,4.786632e-04,2.000000e-05
15.400000,4.1887747915,4.1887747915,4.722356e-04,2.000000e-05
15.405000,4.1887747756,4.1887747756,4.658079e-04,2.000000e-05
15.410000,4.1887747598,4.1887747598,4.593803e-04,2.000000e-05
15.415000,4.1887747439,4.1887747439,4.529527e-04,2.000000e-05
15.420000,4.1887747280,4.1887747280,4.465251e-04,2.000000e-05
15.425000,4.1887747120,4.1887747120,4.400975e-04,2.000000e-05
15.430000,4.1887746961,4.1887746961,4.336699e-04,2.000000e-05
15.435000,4.1887746801,4.1887746801,4.272423e-04,2.000000e-05
15.440000,4.1887746641,4.1887746641,4.208147e-04,2.000000e-05
15.445000,4.1887746481,4.1887746481,4.143870e-04,2.000000e-05
15.450000,4.1887746321,4.1887746321,4.079594e-04,2.000000e-05
15.455000,4.1887746161,4.1887746161,4.015318e-04,2.000000e-05
15.460000,4.1887746000,4.1887746000,3.951042e-04,2.000000e-05
15.465000,4.1887745839,4.1887745839,3.886766e-04,2.000000e-05
15.470000,4.1887745678,4.1887745678,3.822490e-04,2.000000e-05
15.475000,4.1887745517,4.1887745517,3.758214e-04,2.000000e-05
15.480000,4.1887745355,4.1887745355,3.693938e-04,2.000000e-05
15.485000,4.1887745194,4.1887745194,3.629661e-04,2.000000e-05
15.490000,4.1887745032,4.1887745032,3.565385e-04,2.000000e-05
15.495000,4.1887744870,4.1887744870,3.501109e-04,2.000000e-05
15.500000,4.1887744708,4.1887744708,3.436833e-04,2.000000e-05
15.505000,4.1887744545,4.1887744545,3.372557e-04,2.000000e-05
15.510000,4.1887744383,4.1887744383,3.308281e-04,2.000000e-05
15.515000,4.1887744220,4.1887744220,3.244005e-04,2.000000e-05
15.520000,4.1887744057,4.1887744057,3.179729e-04,2.000000e-05
15.525000,4.1887743894,4.1887743894,3.115453e-04,2.000000e-05
15.530000,4.1887743731,4.1887743731,3.051177e-04,2.000000e-05
15.535000,4.1887743568,4.1887743568,2.986901e-04,2.000000e-05
15.540000,4.1887743404,4.1887743404,2.922625e-04,2.000000e-05
15.545000,4.1887743240,4.1887743240,2.858348e-04,2.000000e-05
15.550000,4.1887743076,4.1887743076,2.794072e-04,2.000000e-05
15.555000,4.1887742912,4.1887742912,2.729796e-04,2.000000e-05
15.560000,4.1887742748,4.1887742748,2.665520e-04,2.000000e-05
15.565000,4.1887742584,4.1887742584,2.601244e-04,2.000000e-05
15.570000,4.1887742419,4.1887742419,2.536968e-04,2.000000e-05
15.575000,4.1887742255,4.1887742255,2.472692e-04,2.000000e-05
15.580000,4.1887742090,4.1887742090,2.408416e-04,2.000000e-05
15.585000,4.1887741925,4.1887741925,2.344140e-04,2.000000e-05
15.590000,4.1887741759,4.1887741759,2.279864e-04,2.000000e-05
15.595000,4.1887741594,4.1887741594,2.215588e-04,2.000000e-05
15.600000,4.1887741429,4.1887741429,2.151312e-04,2.000000e-05
15.605000,4.1887741263,4.1887741263,2.087036e-04,2.000000e-05
15.610000,4.1887741097,4.1887741097,2.022760e-04,2.000000e-05
15.615000,4.1887740931,4.1887740931,1.958484e-04,2.000000e-05
15.620000,4.1887740765,4.1887740765,1.894208e-04,2.000000e-05
15.625000,4.1887740599,4.1887740599,1.829932e-04,2.000000e-05
15.630000,4.1887740433,4.1887740433,1.765656e-04,2.000000e-05
15.635000,4.1887740266,4.1887740266,1.701380e-04,2.000000e-05
15.640000,4.1887740099,4.1887740099,1.637104e-04,2.000000e-05
15.645000,4.1887739933,4.1887739933,1.572828e-04,2.000000e-05
15.650000,4.1887739766,4.1887739766,1.508552e-04,2.000000e-05
15.655000,4.1887739598,4.1887739598,1.444276e-04,2.000000e-05
15.660000,4.1887739431,4.1887739431,1.380000e-04,2.000000e-05
15.665000,4.1887739264,4.1887739264,1.315723e-04,2.000000e-05
15.670000,4.1887739096,4.1887739096,1.251447e-04,2.000000e-05
15.675000,4.1887738929,4.1887738929,1.187171e-04,2.000000e-05
15.680000,4.1887738761,4.1887738761,1.122895e-04,2.000000e-05
15.685000,4.1887738593,4.1887738593,1.058619e-04,2.000000e-05
15.690000,4.1887738425,4.1887738425,9.943435e-05,2.000000e-05
15.695000,4.1887738256,4.1887738256,9.300675e-05,2.000000e-05
15.700000,4.1887738088,4.1887738088,8.657915e-05,2.000000e-05
15.705000,4.1887737920,4.1887737920,8.015155e-05,2.000000e-05
15.710000,4.1887737751,4.1887737751,7.372395e-05,2.000000e-05
15.715000,4.1887737582,4.1887737582,6.729635e-05,2.000000e-05
15.720000,4.1887737413,4.1887737413,6.086876e-05,2.000000e-05
15.725000,4.1887737244,4.1887737244,5.444116e-05,2.000000e-05
15.730000,4.1887737075,4.1887737075,4.801356e-05,2.000000e-05
15.735000,4.1887736906,4.1887736906,4.158596e-05,2.000000e-05
15.740000,4.1887736736,4.1887736736,3.515837e-05,2.000000e-05
15.745000,4.1887736567,4.1887736567,2.873077e-05,2.000000e-05
15.750000,4.1887736397,4.1887736397,2.230317e-05,2.000000e-05
15.755000,4.1887736227,4.1887736227,1.587558e-05,2.000000e-05
15.760000,4.1887736162,4.1887736162,9.447982e-06,2.025463e-05
15.765000,4.1887411476,4.1887411476,3.020387e-06,2.309571e-05
15.770000,4.1887583543,4.1887583543,-6.775865e-07,2.580255e-05
15.775000,4.1887582335,4.1887582335,-6.349831e-07,2.575208e-05
15.780000,4.1887587421,4.1887587421,-6.427040e-07,2.574239e-05
15.785000,4.1887587216,4.1887587216,-6.547018e-07,2.573626e-05
15.790000,4.1887587016,4.1887587016,-6.669744e-07,2.573046e-05
15.795000,4.1887586816,4.1887586816,-6.791733e-07,2.572473e-05
15.800000,4.1887586615,4.1887586615,-6.912692e-07,2.571901e-05
15.805000,4.1887586412,4.1887586412,-7.032604e-07,2.571333e-05
15.810000,4.1887586209,4.1887586209,-7.151473e-07,2.570767e-05
15.815000,4.1887586004,4.1887586004,-7.269308e-07,2.570203e-05
15.820000,4.1887589268,4.1887589268,-7.386117e-07,2.590493e-05
15.825000,4.1887585220,4.1887585220,-7.501907e-07,2.570803e-05
15.830000,4.1887584768,4.1887584768,-5.049703e-07,2.569265e-05
15.835000,4.1887587990,4.1887587990,-7.517462e-07,2.589244e-05
15.840000,4.1887583903,4.1887583903,-5.181694e-07,2.569202e-05
15.845000,4.1887583476,4.1887583476,-5.118869e-07,2.567585e-05
15.850000,4.1887583255,4.1887583255,-5.179986e-07,2.566974e-05
15.855000,4.1887583044,4.1887583044,-5.247201e-07,2.566420e-05
15.860000,4.1887582835,4.1887582835,-5.314091e-07,2.565870e-05
15.865000,4.1887582626,4.1887582626,-5.380315e-07,2.565323e-05
15.870000,4.1887582417,4.1887582417,-5.445858e-07,2.564777e-05
15.875000,4.1887582208,4.1887582208,-5.510725e-07,2.564233e-05
15.880000,4.1887581999,4.1887581999,-5.574921e-07,2.563691e-05
15.885000,4.1887581790,4.1887581790,-5.638453e-07,2.563151e-05
15.890000,4.1887581582,4.1887581582,-5.701326e-07,2.562613e-05
15.895000,4.1887581374,4.1887581374,-5.763546e-07,2.562076e-05
15.900000,4.1887581166,4.1887581166,-5.825118e-07,2.561541e-05
15.905000,4.1887580958,4.1887580958,-5.886047e-07,2.561007e-05
15.910000,4.1887580750,4.1887580750,-5.946339e-07,2.560475e-05
15.915000,4.1887580543,4.1887580543,-6.005999e-07,2.559944e-05
15.920000,4.1887580336,4.1887580336,-6.065032e-07,2.559415e-05
15.925000,4.1887580129,4.1887580129,-6.123445e-07,2.558888e-05
15.930000,4.1887579923,4.1887579923,-6.181241e-07,2.558362e-05
15.935000,4.1887579716,4.1887579716,-6.238426e-07,2.557837e-05
15.940000,4.1887579510,4.1887579510,-6.295006e-07,2.557314e-05
15.945000,4.1887579305,4.1887579305,-6.350985e-07,2.556792e-05
15.950000,4.1887579100,4.1887579100,-6.406368e-07,2.556271e-05
15.955000,4.1887578895,4.1887578895,-6.461160e-07,2.555751e-05
15.960000,4.1887578690,4.1887578690,-6.515367e-07,2.555233e-05
15.965000,4.1887578486,4.1887578486,-6.568993e-07,2.554716e-05
15.970000,4.1887578283,4.1887578283,-6.622043e-07,2.554200e-05
15.975000,4.1887578080,4.1887578080,-6.674522e-07,2.553686e-05
15.980000,4.1887577877,4.1887577877,-6.726434e-07,2.553172e-05
15.985000,4.1887577675,4.1887577675,-6.777785e-07,2.552660e-05
15.990000,4.1887577474,4.1887577474,-6.828579e-07,2.552149e-05
15.995000,4.1887577273,4.1887577273,-6.878821e-07,2.551639e-05
16.000000,4.1887577073,4.1887577073,-6.928515e-07,2.551130e-05
16.005000,4.1887576819,4.1887576819,-6.977666e-07,2.550314e-05
16.010000,4.1887576565,4.1887576565,-7.026278e-07,2.549485e-05
16.015000,4.1887576369,4.1887576369,-7.113281e-07,2.548966e-05
16.020000,4.1887576175,4.1887576175,-7.201551e-07,2.548465e-05
16.025000,4.1887575981,4.1887575981,-7.289182e-07,2.547965e-05
16.030000,4.1887578217,4.1887578217,-7.376084e-07,2.568679e-05
16.035000,4.1887576715,4.1887576715,-7.462257e-07,2.569106e-05
16.040000,4.1887572583,4.1887572583,-4.874821e-07,2.547656e-05
16.045000,4.1887572217,4.1887572217,-4.842344e-07,2.546498e-05
16.050000,4.1887571972,4.1887571972,-4.890252e-07,2.545978e-05
16.055000,4.1887571730,4.1887571730,-4.940198e-07,2.545479e-05
16.060000,4.1887571486,4.1887571486,-4.989723e-07,2.544981e-05
16.065000,4.1887571242,4.1887571242,-5.038753e-07,2.544484e-05
16.070000,4.1887570997,4.1887570997,-5.087291e-07,2.543988e-05
16.075000,4.1887570751,4.1887570751,-5.135339e-07,2.543493e-05
16.080000,4.1887570504,4.1887570504,-5.182903e-07,2.542999e-05
16.085000,4.1887570256,4.1887570256,-5.229985e-07,2.542505e-05
16.090000,4.1887570007,4.1887570007,-5.276590e-07,2.542012e-05
16.095000,4.1887569757,4.1887569757,-5.322722e-07,2.541520e-05
16.100000,4.1887569507,4.1887569507,-5.368384e-07,2.541029e-05
16.105000,4.1887569255,4.1887569255,-5.413581e-07,2.540538e-05
16.110000,4.1887569002,4.1887569002,-5.458315e-07,2.540048e-05
16.115000,4.1887568749,4.1887568749,-5.502590e-07,2.539559e-05
16.120000,4.1887568494,4.1887568494,-5.546411e-07,2.539070e-05
16.125000,4.1887568239,4.1887568239,-5.589781e-07,2.538583e-05
16.130000,4.1887567983,4.1887567983,-5.632704e-07,2.538095e-05
16.135000,4.1887567725,4.1887567725,-5.675182e-07,2.537609e-05
16.140000,4.1887567467,4.1887567467,-5.717220e-07,2.537123e-05
16.145000,4.1887567208,4.1887567208,-5.758821e-07,2.536638e-05
16.150000,4.1887566948,4.1887566948,-5.799989e-07,2.536153e-05
16.155000,4.1887566688,4.1887566688,-5.840727e-07,2.535669e-05
16.160000,4.1887566426,4.1887566426,-5.881038e-07,2.535186e-05
16.165000,4.1887566164,4.1887566164,-5.920926e-07,2.534703e-05
16.170000,4.1887565900,4.1887565900,-5.960395e-07,2.534221e-05
16.175000,4.1887565636,4.1887565636,-5.999447e-07,2.533739e-05
16.180000,4.1887565352,4.1887565352,-6.038087e-07,2.533153e-05
16.185000,4.1887565042,4.1887565042,-6.076316e-07,2.532411e-05
16.190000,4.1887564753,4.1887564753,-6.127719e-07,2.531773e-05
16.195000,4.1887564493,4.1887564493,-6.198926e-07,2.531293e-05
16.200000,4.1887564231,4.1887564231,-6.270022e-07,2.530817e-05
16.205000,4.1887563968,4.1887563968,-6.340562e-07,2.530342e-05
16.210000,4.1887563703,4.1887563703,-6.410541e-07,2.529868e-05
16.215000,4.1887563436,4.1887563436,-6.479961e-07,2.529394e-05
16.220000,4.1887563168,4.1887563168,-6.548827e-07,2.528921e-05
16.225000,4.1887562897,4.1887562897,-6.617143e-07,2.528448e-05
16.230000,4.1887562625,4.1887562625,-6.684911e-07,2.527975e-05
16.235000,4.1887562351,4.1887562351,-6.752136e-07,2.527504e-05
16.240000,4.1887562075,4.1887562075,-6.818822e-07,2.527032e-05
16.245000,4.1887561797,4.1887561797,-6.884971e-07,2.526561e-05
16.250000,4.1887561518,4.1887561518,-6.950589e-07,2.526091e-05
16.255000,4.1887561236,4.1887561236,-7.015678e-07,2.525621e-05
16.260000,4.1887560953,4.1887560953,-7.080241e-07,2.525152e-05
16.265000,4.1887560667,4.1887560667,-7.144283e-07,2.524683e-05
16.270000,4.1887560380,4.1887560380,-7.207807e-07,2.524214e-05
16.275000,4.1887560091,4.1887560091,-7.270817e-07,2.523746e-05
16.280000,4.1887563535,4.1887563535,-7.333316e-07,2.544779e-05
16.285000,4.1887562999,4.1887562999,-7.395307e-07,2.544774e-05
16.290000,4.1887558672,4.1887558672,-4.672933e-07,2.522990e-05
16.295000,4.1887558358,4.1887558358,-4.673193e-07,2.522253e-05
16.300000,4.1887558095,4.1887558095,-4.707717e-07,2.521781e-05
16.305000,4.1887557832,4.1887557832,-4.742328e-07,2.521313e-05
16.310000,4.1887557568,4.1887557568,-4.776601e-07,2.520846e-05
16.315000,4.1887557304,4.1887557304,-4.810533e-07,2.520379e-05
16.320000,4.1887557040,4.1887557040,-4.844127e-07,2.519912e-05
16.325000,4.1887556775,4.1887556775,-4.877385e-07,2.519446e-05
16.330000,4.1887556510,4.1887556510,-4.910311e-07,2.518980e-05
16.335000,4.1887556244,4.1887556244,-4.942905e-07,2.518515e-05
16.340000,4.1887555977,4.1887555977,-4.975172e-07,2.518051e-05
16.345000,4.1887555710,4.1887555710,-5.007113e-07,2.517586e-05
16.350000,4.1887555443,4.1887555443,-5.038732e-07,2.517122e-05
16.355000,4.1887555175,4.1887555175,-5.070029e-07,2.516659e-05
16.360000,4.1887554906,4.1887554906,-5.101009e-07,2.516196e-05
16.365000,4.1887554638,4.1887554638,-5.131673e-07,2.515734e-05
16.370000,4.1887554368,4.1887554368,-5.162024e-07,2.515272e-05
16.375000,4.1887554087,4.1887554087,-5.192063e-07,2.514752e-05
16.380000,4.1887553773,4.1887553773,-5.221795e-07,2.514074e-05
16.385000,4.1887553469,4.1887553469,-5.258801e-07,2.513454e-05
16.390000,4.1887553197,4.1887553197,-5.316615e-07,2.512996e-05
16.395000,4.1887552923,4.1887552923,-5.373981e-07,2.512539e-05
16.400000,4.1887552648,4.1887552648,-5.430914e-07,2.512082e-05
16.405000,4.1887552371,4.1887552371,-5.487416e-07,2.511625e-05
16.410000,4.1887552093,4.1887552093,-5.543490e-07,2.511169e-05
16.415000,4.1887551814,4.1887551814,-5.599137e-07,2.510713e-05
16.420000,4.1887551534,4.1887551534,-5.654362e-07,2.510258e-05
16.425000,4.1887551252,4.1887551252,-5.709167e-07,2.509803e-05
16.430000,4.1887550969,4.1887550969,-5.763554e-07,2.509348e-05
16.435000,4.1887550684,4.1887550684,-5.817526e-07,2.508894e-05
16.440000,4.1887550398,4.1887550398,-5.871086e-07,2.508441e-05
16.445000,4.1887550111,4.1887550111,-5.924236e-07,2.507987e-05
16.450000,4.1887549822,4.1887549822,-5.976979e-07,2.507534e-05
16.455000,4.1887549533,4.1887549533,-6.029318e-07,2.507082e-05
16.460000,4.1887549241,4.1887549241,-6.081255e-07,2.506630e-05
16.465000,4.1887548949,4.1887548949,-6.132792e-07,2.506178e-05
16.470000,4.1887548654,4.1887548654,-6.183933e-07,2.505727e-05
16.475000,4.1887548359,4.1887548359,-6.234680e-07,2.505276e-05
16.480000,4.1887548062,4.1887548062,-6.285035e-07,2.504825e-05
16.485000,4.1887547764,4.1887547764,-6.335000e-07,2.504375e-05
16.490000,4.1887547464,4.1887547464,-6.384579e-07,2.503925e-05
16.495000,4.1887547163,4.1887547163,-6.433773e-07,2.503476e-05
16.500000,4.1887546860,4.1887546860,-6.482586e-07,2.503027e-05
16.505000,4.1887546556,4.1887546556,-6.531019e-07,2.502579e-05
16.510000,4.1887546251,4.1887546251,-6.579075e-07,2.502130e-05
16.515000,4.1887545944,4.1887545944,-6.626756e-07,2.501683e-05
16.520000,4.1887545636,4.1887545636,-6.674065e-07,2.501235e-05
16.525000,4.1887545326,4.1887545326,-6.721004e-07,2.500789e-05
16.530000,4.1887545015,4.1887545015,-6.767576e-07,2.500342e-05
16.535000,4.1887544702,4.1887544702,-6.813782e-07,2.499896e-05
16.540000,4.1887544388,4.1887544388,-6.859625e-07,2.499450e-05
16.545000,4.1887544072,4.1887544072,-6.905107e-07,2.499005e-05
16.550000,4.1887543755,4.1887543755,-6.950231e-07,2.498560e-05
16.555000,4.1887543437,4.1887543437,-6.994999e-07,2.498115e-05
16.560000,4.1887543116,4.1887543116,-7.039413e-07,2.497671e-05
16.565000,4.1887542795,4.1887542795,-7.083475e-07,2.497227e-05
16.570000,4.1887542472,4.1887542472,-7.127188e-07,2.496784e-05
16.575000,4.1887542147,4.1887542147,-7.170554e-07,2.496341e-05
16.580000,4.1887541821,4.1887541821,-7.213574e-07,2.495899e-05
16.585000,4.1887544366,4.1887544366,-7.256252e-07,2.517142e-05
16.590000,4.1887542393,4.1887542393,-7.298589e-07,2.516771e-05
16.595000,4.1887537427,4.1887537427,-4.439770e-07,2.494594e-05
16.600000,4.1887537069,4.1887537069,-4.470962e-07,2.494037e-05
16.605000,4.1887536736,4.1887536736,-4.517770e-07,2.493598e-05
16.610000,4.1887536401,4.1887536401,-4.563933e-07,2.493158e-05
16.615000,4.1887536064,4.1887536064,-4.609769e-07,2.492718e-05
16.620000,4.1887535726,4.1887535726,-4.655276e-07,2.492279e-05
16.625000,4.1887535386,4.1887535386,-4.700455e-07,2.491840e-05
16.630000,4.1887535044,4.1887535044,-4.745307e-07,2.491402e-05
16.635000,4.1887534701,4.1887534701,-4.789835e-07,2.490963e-05
16.640000,4.1887534356,4.1887534356,-4.834041e-07,2.490526e-05
16.645000,4.1887534009,4.1887534009,-4.877927e-07,2.490088e-05
16.650000,4.1887533661,4.1887533661,-4.921494e-07,2.489651e-05
16.655000,4.1887533311,4.1887533311,-4.964745e-07,2.489215e-05
16.660000,4.1887532959,4.1887532959,-5.007681e-07,2.488778e-05
16.665000,4.1887532606,4.1887532606,-5.050305e-07,2.488343e-05
16.670000,4.1887532250,4.1887532250,-5.092617e-07,2.487907e-05
16.675000,4.1887531894,4.1887531894,-5.134621e-07,2.487472e-05
16.680000,4.1887531535,4.1887531535,-5.176318e-07,2.487038e-05
16.685000,4.1887531175,4.1887531175,-5.217709e-07,2.486604e-05
16.690000,4.1887530813,4.1887530813,-5.258797e-07,2.486170e-05
16.695000,4.1887530449,4.1887530449,-5.299583e-07,2.485736e-05
16.700000,4.1887530084,4.1887530084,-5.340069e-07,2.485304e-05
16.705000,4.1887529717,4.1887529717,-5.380258e-07,2.484871e-05
16.710000,4.1887529348,4.1887529348,-5.420150e-07,2.484439e-05
16.715000,4.1887528977,4.1887528977,-5.459748e-07,2.484007e-05
16.720000,4.1887528605,4.1887528605,-5.499052e-07,2.483576e-05
16.725000,4.1887528230,4.1887528230,-5.538066e-07,2.483145e-05
16.730000,4.1887527854,4.1887527854,-5.576791e-07,2.482714e-05
16.735000,4.1887527476,4.1887527476,-5.615228e-07,2.482284e-05
16.740000,4.1887527097,4.1887527097,-5.653379e-07,2.481854e-05
16.745000,4.1887526715,4.1887526715,-5.691247e-07,2.481425e-05
16.750000,4.1887526332,4.1887526332,-5.728831e-07,2.480996e-05
16.755000,4.1887525947,4.1887525947,-5.766135e-07,2.480568e-05
16.760000,4.1887525560,4.1887525560,-5.803160e-07,2.480139e-05
16.765000,4.1887525171,4.1887525171,-5.839908e-07,2.479712e-05
16.770000,4.1887524780,4.1887524780,-5.876380e-07,2.479284e-05
16.775000,4.1887524387,4.1887524387,-5.912578e-07,2.478858e-05
16.780000,4.1887523993,4.1887523993,-5.948503e-07,2.478431e-05
16.785000,4.1887523596,4.1887523596,-5.984157e-07,2.478005e-05
16.790000,4.1887523198,4.1887523198,-6.019543e-07,2.477579e-05
16.795000,4.1887522798,4.1887522798,-6.054660e-07,2.477154e-05
16.800000,4.1887522395,4.1887522395,-6.089512e-07,2.476729e-05
16.805000,4.1887521991,4.1887521991,-6.124099e-07,2.476305e-05
16.810000,4.1887521585,4.1887521585,-6.158423e-07,2.475881e-05
16.815000,4.1887521177,4.1887521177,-6.192486e-07,2.475457e-05
16.820000,4.1887520767,4.1887520767,-6.226289e-07,2.475034e-05
16.825000,4.1887520355,4.1887520355,-6.259834e-07,2.474611e-05
16.830000,4.1887519941,4.1887519941,-6.293122e-07,2.474189e-05
16.835000,4.1887519525,4.1887519525,-6.326155e-07,2.473767e-05
16.840000,4.1887519107,4.1887519107,-6.358935e-07,2.473345e-05
16.845000,4.1887518689,4.1887518689,-6.391462e-07,2.472692e-05
16.850000,4.1887518330,4.1887518330,-6.423739e-07,2.472037e-05
16.855000,4.1887518031,4.1887518031,-6.487866e-07,2.471615e-05
16.860000,4.1887517733,4.1887517733,-6.552127e-07,2.471198e-05
16.865000,4.1887517434,4.1887517434,-6.616013e-07,2.470780e-05
16.870000,4.1887517135,4.1887517135,-6.679552e-07,2.470363e-05
16.875000,4.1887516836,4.1887516836,-6.742746e-07,2.469946e-05
16.880000,4.1887516537,4.1887516537,-6.805597e-07,2.469529e-05
16.885000,4.1887516238,4.1887516238,-6.868105e-07,2.469113e-05
16.890000,4.1887515938,4.1887515938,-6.930273e-07,2.468698e-05
16.895000,4.1887515638,4.1887515638,-6.992101e-07,2.468282e-05
16.900000,4.1887515338,4.1887515338,-7.053593e-07,2.467868e-05
16.905000,4.1887520123,4.1887520123,-7.114749e-07,2.489235e-05
16.910000,4.1887519385,4.1887519385,-7.175571e-07,2.488302e-05
16.915000,4.1887513655,4.1887513655,-4.222899e-07,2.466321e-05
16.920000,4.1887513440,4.1887513440,-4.353302e-07,2.466600e-05
16.925000,4.1887513041,4.1887513041,-4.383435e-07,2.466163e-05
16.930000,4.1887512646,4.1887512646,-4.416569e-07,2.465749e-05
16.935000,4.1887512249,4.1887512249,-4.449367e-07,2.465335e-05
16.940000,4.1887511851,4.1887511851,-4.481940e-07,2.464922e-05
16.945000,4.1887511451,4.1887511451,-4.514284e-07,2.464509e-05
16.950000,4.1887511050,4.1887511050,-4.546401e-07,2.464096e-05
16.955000,4.1887510647,4.1887510647,-4.578292e-07,2.463684e-05
16.960000,4.1887510243,4.1887510243,-4.609959e-07,2.463273e-05
16.965000,4.1887509837,4.1887509837,-4.641402e-07,2.462861e-05
16.970000,4.1887509429,4.1887509429,-4.672623e-07,2.462450e-05
16.975000,4.1887509020,4.1887509020,-4.703624e-07,2.462040e-05
16.980000,4.1887508609,4.1887508609,-4.734406e-07,2.461630e-05
16.985000,4.1887508197,4.1887508197,-4.764969e-07,2.461220e-05
16.990000,4.1887507783,4.1887507783,-4.795315e-07,2.460811e-05
16.995000,4.1887507368,4.1887507368,-4.825445e-07,2.460402e-05
17.000000,4.1887506951,4.1887506951,-4.855361e-07,2.459994e-05
17.005000,4.1887506532,4.1887506532,-4.885063e-07,2.459586e-05
17.010000,4.1887506112,4.1887506112,-4.914553e-07,2.459178e-05
17.015000,4.1887505690,4.1887505690,-4.943832e-07,2.458771e-05
17.020000,4.1887505266,4.1887505266,-4.972902e-07,2.458365e-05
17.025000,4.1887504841,4.1887504841,-5.001762e-07,2.457958e-05
17.030000,4.1887504414,4.1887504414,-5.030416e-07,2.457552e-05
17.035000,4.1887503986,4.1887503986,-5.058863e-07,2.457147e-05
17.040000,4.1887503556,4.1887503556,-5.087105e-07,2.456742e-05
17.045000,4.1887503124,4.1887503124,-5.115143e-07,2.456337e-05
17.050000,4.1887502691,4.1887502691,-5.142978e-07,2.455933e-05
17.055000,4.1887502255,4.1887502255,-5.170611e-07,2.455529e-05
17.060000,4.1887501819,4.1887501819,-5.198044e-07,2.455126e-05
17.065000,4.1887501380,4.1887501380,-5.225278e-07,2.454723e-05
17.070000,4.1887500940,4.1887500940,-5.252313e-07,2.454321e-05
17.075000,4.1887500498,4.1887500498,-5.279151e-07,2.453919e-05
17.080000,4.1887500054,4.1887500054,-5.305793e-07,2.453517e-05
17.085000,4.1887499609,4.1887499609,-5.332240e-07,2.453116e-05
17.090000,4.1887499162,4.1887499162,-5.358493e-07,2.452715e-05
17.095000,4.1887498713,4.1887498713,-5.384554e-07,2.452314e-05
17.100000,4.1887496567,4.1887496567,-5.410422e-07,2.451914e-05
17.105000,4.1887494426,4.1887494426,-5.436100e-07,2.451494e-05
17.110000,4.1887494003,4.1887494003,-5.461606e-07,2.450888e-05
17.115000,4.1887495222,4.1887495222,-5.489872e-07,2.450319e-05
17.120000,4.1887494920,4.1887494920,-5.544401e-07,2.449935e-05
17.125000,4.1887493049,4.1887493049,-5.596629e-07,2.449537e-05
17.130000,4.1887494231,4.1887494231,-5.648797e-07,2.449142e-05
17.135000,4.1887495408,4.1887495408,-5.700655e-07,2.448746e-05
17.140000,4.1887495097,4.1887495097,-5.752224e-07,2.448351e-05
17.145000,4.1887494786,4.1887494786,-5.803556e-07,2.447956e-05
17.150000,4.1887494475,4.1887494475,-5.854623e-07,2.447562e-05
17.155000,4.1887494164,4.1887494164,-5.905428e-07,2.447168e-05
17.160000,4.1887493853,4.1887493853,-5.955971e-07,2.446774e-05
17.165000,4.1887493543,4.1887493543,-6.006255e-07,2.446381e-05
17.170000,4.1887493233,4.1887493233,-6.056280e-07,2.445989e-05
17.175000,4.1887492923,4.1887492923,-6.106047e-07,2.445596e-05
17.180000,4.1887492614,4.1887492614,-6.155558e-07,2.445204e-05
17.185000,4.1887492305,4.1887492305,-6.204814e-07,2.444813e-05
17.190000,4.1887491996,4.1887491996,-6.253815e-07,2.444422e-05
17.195000,4.1887491687,4.1887491687,-6.302563e-07,2.444031e-05
17.200000,4.1887491379,4.1887491379,-6.351059e-07,2.443641e-05
17.205000,4.1887491071,4.1887491071,-6.399305e-07,2.443251e-05
17.210000,4.1887490764,4.1887490764,-6.447300e-07,2.442862e-05
17.215000,4.1887490456,4.1887490456,-6.495047e-07,2.442473e-05
17.220000,4.1887490150,4.1887490150,-6.542547e-07,2.442085e-05
17.225000,4.1887489843,4.1887489843,-6.589800e-07,2.441697e-05
17.230000,4.1887489537,4.1887489537,-6.636808e-07,2.441309e-05
17.235000,4.1887489232,4.1887489232,-6.683571e-07,2.440922e-05
17.240000,4.1887488927,4.1887488927,-6.730092e-07,2.440535e-05
17.245000,4.1887488622,4.1887488622,-6.776370e-07,2.440148e-05
17.250000,4.1887486892,4.1887486892,-6.822407e-07,2.439762e-05
17.255000,4.1887486557,4.1887486557,-6.868205e-07,2.439377e-05
17.260000,4.1887487646,4.1887487646,-6.913788e-07,2.438992e-05
17.265000,4.1887487343,4.1887487343,-6.959082e-07,2.438607e-05
17.270000,4.1887487041,4.1887487041,-7.004168e-07,2.438222e-05
17.275000,4.1887489461,4.1887489461,-7.049016e-07,2.459669e-05
17.280000,4.1887485142,4.1887485142,-7.093630e-07,2.458544e-05
17.285000,4.1887478038,4.1887478038,-4.004050e-07,2.436516e-05
17.290000,4.1887477812,4.1887477812,-4.152869e-07,2.436997e-05
17.295000,4.1887477299,4.1887477299,-4.170927e-07,2.436579e-05
17.300000,4.1887476795,4.1887476795,-4.194076e-07,2.436197e-05
17.305000,4.1887476289,4.1887476289,-4.216858e-07,2.435814e-05
17.310000,4.1887475782,4.1887475782,-4.239491e-07,2.435431e-05
17.315000,4.1887475272,4.1887475272,-4.261968e-07,2.435049e-05
17.320000,4.1887474760,4.1887474760,-4.284290e-07,2.434668e-05
17.325000,4.1887474246,4.1887474246,-4.306458e-07,2.434287e-05
17.330000,4.1887473731,4.1887473731,-4.328472e-07,2.433906e-05
17.335000,4.1887473213,4.1887473213,-4.350334e-07,2.433525e-05
17.340000,4.1887472693,4.1887472693,-4.372043e-07,2.433146e-05
17.345000,4.1887472172,4.1887472172,-4.393602e-07,2.432766e-05
17.350000,4.1887471648,4.1887471648,-4.415011e-07,2.432387e-05
17.355000,4.1887471122,4.1887471122,-4.436270e-07,2.432008e-05
17.360000,4.1887470594,4.1887470594,-4.457381e-07,2.431630e-05
17.365000,4.1887470065,4.1887470065,-4.478344e-07,2.431252e-05
17.370000,4.1887469533,4.1887469533,-4.499160e-07,2.430875e-05
17.375000,4.1887468999,4.1887468999,-4.519830e-07,2.430498e-05
17.380000,4.1887468463,4.1887468463,-4.540354e-07,2.430121e-05
17.385000,4.1887467925,4.1887467925,-4.560734e-07,2.429745e-05
17.390000,4.1887467385,4.1887467385,-4.580969e-07,2.429369e-05
17.395000,4.1887466847,4.1887466847,-4.601062e-07,2.428969e-05
17.400000,4.1887466345,4.1887466345,-4.621012e-07,2.428423e-05
17.405000,4.1887465927,4.1887465927,-4.644445e-07,2.427916e-05
17.410000,4.1887465555,4.1887465555,-4.689230e-07,2.427555e-05
17.415000,4.1887465179,4.1887465179,-4.731881e-07,2.427181e-05
17.420000,4.1887464803,4.1887464803,-4.774497e-07,2.426810e-05
17.425000,4.1887464427,4.1887464427,-4.816892e-07,2.426438e-05
17.430000,4.1887464052,4.1887464052,-4.859083e-07,2.426067e-05
17.435000,4.1887463676,4.1887463676,-4.901070e-07,2.425696e-05
17.440000,4.1887463300,4.1887463300,-4.942853e-07,2.425325e-05
17.445000,4.1887462925,4.1887462925,-4.984433e-07,2.424955e-05
17.450000,4.1887462549,4.1887462549,-5.025812e-07,2.424586e-05
17.455000,4.1887462174,4.1887462174,-5.066989e-07,2.424217e-05
17.460000,4.1887461799,4.1887461799,-5.107967e-07,2.423848e-05
17.465000,4.1887461423,4.1887461423,-5.148745e-07,2.423479e-05
17.470000,4.1887461048,4.1887461048,-5.189325e-07,2.423111e-05
17.475000,4.1887460673,4.1887460673,-5.229707e-07,2.422744e-05
17.480000,4.1887460298,4.1887460298,-5.269892e-07,2.422377e-05
17.485000,4.1887459924,4.1887459924,-5.309881e-07,2.422010e-05
17.490000,4.1887459549,4.1887459549,-5.349675e-07,2.421644e-05
17.495000,4.1887459175,4.1887459175,-5.389275e-07,2.421278e-05
17.500000,4.1887458800,4.1887458800,-5.428681e-07,2.420912e-05
17.505000,4.1887458426,4.1887458426,-5.467894e-07,2.420547e-05
17.510000,4.1887458052,4.1887458052,-5.506915e-07,2.420183e-05
17.515000,4.1887457679,4.1887457679,-5.545745e-07,2.419818e-05
17.520000,4.1887457305,4.1887457305,-5.584385e-07,2.419455e-05
17.525000,4.1887456932,4.1887456932,-5.622835e-07,2.419091e-05
17.530000,4.1887456559,4.1887456559,-5.661096e-07,2.418728e-05
17.535000,4.1887456186,4.1887456186,-5.699169e-07,2.418366e-05
17.540000,4.1887455814,4.1887455814,-5.737055e-07,2.418003e-05
17.545000,4.1887455442,4.1887455442,-5.774755e-07,2.417642e-05
17.550000,4.1887455070,4.1887455070,-5.812268e-07,2.417280e-05
17.555000,4.1887454698,4.1887454698,-5.849597e-07,2.416919e-05
17.560000,4.1887454327,4.1887454327,-5.886741e-07,2.416559e-05
17.565000,4.1887453956,4.1887453956,-5.923702e-07,2.416198e-05
17.570000,4.1887453586,4.1887453586,-5.960481e-07,2.415839e-05
17.575000,4.1887453215,4.1887453215,-5.997077e-07,2.415479e-05
17.580000,4.1887452845,4.1887452845,-6.033492e-07,2.415120e-05
17.585000,4.1887452476,4.1887452476,-6.069727e-07,2.414762e-05
17.590000,4.1887452107,4.1887452107,-6.105782e-07,2.414404e-05
17.595000,4.1887451738,4.1887451738,-6.141659e-07,2.414046e-05
17.600000,4.1887451370,4.1887451370,-6.177357e-07,2.413689e-05
17.605000,4.1887451002,4.1887451002,-6.212877e-07,2.413332e-05
17.610000,4.1887450634,4.1887450634,-6.248221e-07,2.412975e-05
17.615000,4.1887450267,4.1887450267,-6.283389e-07,2.412619e-05
17.620000,4.1887449901,4.1887449901,-6.318381e-07,2.412263e-05
17.625000,4.1887449534,4.1887449534,-6.353199e-07,2.411908e-05
17.630000,4.1887449169,4.1887449169,-6.387843e-07,2.411553e-05
17.635000,4.1887448804,4.1887448804,-6.422314e-07,2.411198e-05
17.640000,4.1887448439,4.1887448439,-6.456612e-07,2.410844e-05
17.645000,4.1887448075,4.1887448075,-6.490739e-07,2.410491e-05
17.650000,4.1887447711,4.1887447711,-6.524695e-07,2.410137e-05
17.655000,4.1887447348,4.1887447348,-6.558480e-07,2.409784e-05
17.660000,4.1887446986,4.1887446986,-6.592096e-07,2.409432e-05
17.665000,4.1887446624,4.1887446624,-6.625543e-07,2.409080e-05
17.670000,4.1887446262,4.1887446262,-6.658822e-07,2.408728e-05
17.675000,4.1887445901,4.1887445901,-6.691933e-07,2.408377e-05
17.680000,4.1887445541,4.1887445541,-6.724877e-07,2.408026e-05
17.685000,4.1887445182,4.1887445182,-6.757655e-07,2.407675e-05
17.690000,4.1887444823,4.1887444823,-6.790268e-07,2.407325e-05
17.695000,4.1887444465,4.1887444465,-6.822716e-07,2.406975e-05
17.700000,4.1887444107,4.1887444107,-6.854999e-07,2.406626e-05
17.705000,4.1887443750,4.1887443750,-6.887120e-07,2.406277e-05
17.710000,4.1887443394,4.1887443394,-6.919077e-07,2.405929e-05
17.715000,4.1887446377,4.1887446377,-6.950873e-07,2.427293e-05
17.720000,4.1887440878,4.1887440878,-6.982507e-07,2.425819e-05
17.725000,4.1887432097,4.1887432097,-3.761977e-07,2.403857e-05
17.730000,4.1887432089,4.1887432089,-3.959823e-07,2.404574e-05
17.735000,4.1887431651,4.1887431651,-3.978846e-07,2.404123e-05
17.740000,4.1887431255,4.1887431255,-4.015166e-07,2.403787e-05
17.745000,4.1887430855,4.1887430855,-4.049623e-07,2.403440e-05
17.750000,4.1887430457,4.1887430457,-4.084088e-07,2.403095e-05
17.755000,4.1887430059,4.1887430059,-4.118378e-07,2.402750e-05
17.760000,4.1887429661,4.1887429661,-4.152513e-07,2.402405e-05
17.765000,4.1887429263,4.1887429263,-4.186491e-07,2.402061e-05
17.770000,4.1887428866,4.1887428866,-4.220313e-07,2.401717e-05
17.775000,4.1887428469,4.1887428469,-4.253979e-07,2.401373e-05
17.780000,4.1887428073,4.1887428073,-4.287491e-07,2.401030e-05
17.785000,4.1887427677,4.1887427677,-4.320848e-07,2.400687e-05
17.790000,4.1887427282,4.1887427282,-4.354051e-07,2.400345e-05
17.795000,4.1887426887,4.1887426887,-4.387102e-07,2.400003e-05
17.800000,4.1887426493,4.1887426493,-4.420000e-07,2.399661e-05
17.805000,4.1887426099,4.1887426099,-4.452746e-07,2.399320e-05
17.810000,4.1887425706,4.1887425706,-4.485341e-07,2.398980e-05
17.815000,4.1887425314,4.1887425314,-4.517785e-07,2.398639e-05
17.820000,4.1887424921,4.1887424921,-4.550079e-07,2.398299e-05
17.825000,4.1887424530,4.1887424530,-4.582224e-07,2.397960e-05
17.830000,4.1887424139,4.1887424139,-4.614219e-07,2.397620e-05
17.835000,4.1887423748,4.1887423748,-4.646067e-07,2.397282e-05
17.840000,4.1887423359,4.1887423359,-4.677766e-07,2.396943e-05
17.845000,4.1887421701,4.1887421701,-4.709318e-07,2.396605e-05
17.850000,4.1887421284,4.1887421284,-4.740724e-07,2.396267e-05
17.855000,4.1887420899,4.1887420899,-4.772005e-07,2.395930e-05
17.860000,4.1887420483,4.1887420483,-4.803095e-07,2.395593e-05
17.865000,4.1887421302,4.1887421302,-4.834088e-07,2.395257e-05
17.870000,4.1887420916,4.1887420916,-4.864889e-07,2.394921e-05
17.875000,4.1887420531,4.1887420531,-4.895572e-07,2.394585e-05
17.880000,4.1887420147,4.1887420147,-4.926109e-07,2.394250e-05
17.885000,4.1887419763,4.1887419763,-4.956504e-07,2.393915e-05
17.890000,4.1887419380,4.1887419380,-4.986757e-07,2.393581e-05
17.895000,4.1887418998,4.1887418998,-5.016867e-07,2.393247e-05
17.900000,4.1887418617,4.1887418617,-5.046837e-07,2.392913e-05
17.905000,4.1887418237,4.1887418237,-5.076667e-07,2.392579e-05
17.910000,4.1887417857,4.1887417857,-5.106356e-07,2.392246e-05
17.915000,4.1887417478,4.1887417478,-5.135906e-07,2.391914e-05
17.920000,4.1887417100,4.1887417100,-5.165317e-07,2.391582e-05
17.925000,4.1887416723,4.1887416723,-5.194589e-07,2.391250e-05
17.930000,4.1887416346,4.1887416346,-5.223724e-07,2.390918e-05
17.935000,4.1887415971,4.1887415971,-5.252721e-07,2.390587e-05
17.940000,4.1887415596,4.1887415596,-5.281582e-07,2.390257e-05
17.945000,4.1887415222,4.1887415222,-5.310306e-07,2.389927e-05
17.950000,4.1887414849,4.1887414849,-5.338895e-07,2.389597e-05
17.955000,4.1887414478,4.1887414478,-5.367348e-07,2.389267e-05
17.960000,4.1887414107,4.1887414107,-5.395667e-07,2.388938e-05
17.965000,4.1887413737,4.1887413737,-5.423852e-07,2.388609e-05
17.970000,4.1887413367,4.1887413367,-5.451903e-07,2.388281e-05
17.975000,4.1887412999,4.1887412999,-5.479820e-07,2.387953e-05
17.980000,4.1887412632,4.1887412632,-5.507606e-07,2.387625e-05
17.985000,4.1887412266,4.1887412266,-5.535259e-07,2.387298e-05
17.990000,4.1887411901,4.1887411901,-5.562780e-07,2.386971e-05
17.995000,4.1887411537,4.1887411537,-5.590171e-07,2.386645e-05
18.000000,4.1887411174,4.1887411174,-5.617431e-07,2.386319e-05
18.005000,4.1887410812,4.1887410812,-5.644560e-07,2.385993e-05
18.010000,4.1887410452,4.1887410452,-5.671561e-07,2.385668e-05
18.015000,4.1887410092,4.1887410092,-5.698432e-07,2.385343e-05
18.020000,4.1887409733,4.1887409733,-5.725174e-07,2.385018e-05
18.025000,4.1887409376,4.1887409376,-5.751789e-07,2.384694e-05
18.030000,4.1887409020,4.1887409020,-5.778276e-07,2.384370e-05
18.035000,4.1887408665,4.1887408665,-5.804636e-07,2.384047e-05
18.040000,4.1887408311,4.1887408311,-5.830869e-07,2.383724e-05
18.045000,4.1887407958,4.1887407958,-5.856976e-07,2.383401e-05
18.050000,4.1887407607,4.1887407607,-5.882957e-07,2.383078e-05
18.055000,4.1887407256,4.1887407256,-5.908813e-07,2.382757e-05
18.060000,4.1887406907,4.1887406907,-5.934545e-07,2.382435e-05
18.065000,4.1887406560,4.1887406560,-5.960152e-07,2.382114e-05
18.070000,4.1887406213,4.1887406213,-5.985636e-07,2.381793e-05
18.075000,4.1887405868,4.1887405868,-6.010996e-07,2.381472e-05
18.080000,4.1887405524,4.1887405524,-6.036234e-07,2.381152e-05
18.085000,4.1887405182,4.1887405182,-6.061349e-07,2.380833e-05
18.090000,4.1887404840,4.1887404840,-6.086343e-07,2.380513e-05
18.095000,4.1887404501,4.1887404501,-6.111215e-07,2.380194e-05
18.100000,4.1887404162,4.1887404162,-6.135966e-07,2.379876e-05
18.105000,4.1887403718,4.1887403718,-6.160597e-07,2.379481e-05
18.110000,4.1887403014,4.1887403014,-6.185108e-07,2.378963e-05
18.115000,4.1887402230,4.1887402230,-6.221438e-07,2.378545e-05
18.120000,4.1887401502,4.1887401502,-6.277226e-07,2.378249e-05
18.125000,4.1887400759,4.1887400759,-6.329026e-07,2.377929e-05
18.130000,4.1887400015,4.1887400015,-6.381408e-07,2.377614e-05
18.135000,4.1887399268,4.1887399268,-6.433483e-07,2.377299e-05
18.140000,4.1887398517,4.1887398517,-6.485425e-07,2.376984e-05
18.145000,4.1887397763,4.1887397763,-6.537201e-07,2.376669e-05
18.150000,4.1887397005,4.1887397005,-6.588817e-07,2.376355e-05
18.155000,4.1887396244,4.1887396244,-6.640273e-07,2.376041e-05
18.160000,4.1887395479,4.1887395479,-6.691569e-07,2.375728e-05
18.165000,4.1887394711,4.1887394711,-6.742706e-07,2.375415e-05
18.170000,4.1887394948,4.1887394948,-6.793684e-07,2.396583e-05
18.175000,4.1887384485,4.1887384485,-6.844504e-07,2.394306e-05
18.180000,4.1887373492,4.1887373492,-3.538826e-07,2.372910e-05
18.185000,4.1887375108,4.1887375108,-3.892797e-07,2.374651e-05
18.190000,4.1887375684,4.1887375684,-3.886612e-07,2.374137e-05
18.195000,4.1887374124,4.1887374124,-3.915637e-07,2.373844e-05
18.200000,4.1887373646,4.1887373646,-3.941106e-07,2.373531e-05
18.205000,4.1887374287,4.1887374287,-3.966817e-07,2.373221e-05
18.210000,4.1887373837,4.1887373837,-3.992342e-07,2.372910e-05
18.215000,4.1887373388,4.1887373388,-4.017780e-07,2.372599e-05
18.220000,4.1887372940,4.1887372940,-4.043103e-07,2.372289e-05
18.225000,4.1887372493,4.1887372493,-4.068315e-07,2.371980e-05
18.230000,4.1887372046,4.1887372046,-4.093414e-07,2.371670e-05
18.235000,4.1887371600,4.1887371600,-4.118403e-07,2.371361e-05
18.240000,4.1887371154,4.1887371154,-4.143280e-07,2.371053e-05
18.245000,4.1887370709,4.1887370709,-4.168048e-07,2.370745e-05
18.250000,4.1887370265,4.1887370265,-4.192705e-07,2.370437e-05
18.255000,4.1887369822,4.1887369822,-4.217252e-07,2.370129e-05
18.260000,4.1887369379,4.1887369379,-4.241691e-07,2.369822e-05
18.265000,4.1887368937,4.1887368937,-4.266020e-07,2.369516e-05
18.270000,4.1887368496,4.1887368496,-4.290241e-07,2.369209e-05
18.275000,4.1887368055,4.1887368055,-4.314354e-07,2.368903e-05
18.280000,4.1887367616,4.1887367616,-4.338360e-07,2.368598e-05
18.285000,4.1887367177,4.1887367177,-4.362258e-07,2.368292e-05
18.290000,4.1887366739,4.1887366739,-4.386049e-07,2.367987e-05
18.295000,4.1887365230,4.1887365230,-4.409734e-07,2.367682e-05
18.300000,4.1887364769,4.1887364769,-4.433313e-07,2.367378e-05
18.305000,4.1887365378,4.1887365378,-4.456804e-07,2.367075e-05
18.310000,4.1887364944,4.1887364944,-4.480153e-07,2.366771e-05
18.315000,4.1887364510,4.1887364510,-4.503417e-07,2.366468e-05
18.320000,4.1887364077,4.1887364077,-4.526576e-07,2.366165e-05
18.325000,4.1887363645,4.1887363645,-4.549630e-07,2.365863e-05
18.330000,4.1887363214,4.1887363214,-4.572580e-07,2.365561e-05
18.335000,4.1887362784,4.1887362784,-4.595427e-07,2.365259e-05
18.340000,4.1887362355,4.1887362355,-4.618171e-07,2.364957e-05
18.345000,4.1887361927,4.1887361927,-4.640812e-07,2.364656e-05
18.350000,4.1887361499,4.1887361499,-4.663351e-07,2.364356e-05
18.355000,4.1887361073,4.1887361073,-4.685788e-07,2.364055e-05
18.360000,4.1887360648,4.1887360648,-4.708124e-07,2.363755e-05
18.365000,4.1887360223,4.1887360223,-4.730358e-07,2.363456e-05
18.370000,4.1887359800,4.1887359800,-4.752492e-07,2.363156e-05
18.375000,4.1887359378,4.1887359378,-4.774525e-07,2.362857e-05
18.380000,4.1887358957,4.1887358957,-4.796458e-07,2.362559e-05
18.385000,4.1887358536,4.1887358536,-4.818291e-07,2.362261e-05
18.390000,4.1887358117,4.1887358117,-4.840025e-07,2.361963e-05
18.395000,4.1887357699,4.1887357699,-4.861660e-07,2.361665e-05
18.400000,4.1887357282,4.1887357282,-4.883196e-07,2.361368e-05
18.405000,4.1887356867,4.1887356867,-4.904634e-07,2.361071e-05
18.410000,4.1887356452,4.1887356452,-4.925974e-07,2.360775e-05
18.415000,4.1887356038,4.1887356038,-4.947217e-07,2.360478e-05
18.420000,4.1887355626,4.1887355626,-4.968362e-07,2.360183e-05
18.425000,4.1887355215,4.1887355215,-4.989410e-07,2.359887e-05
18.430000,4.1887354805,4.1887354805,-5.010362e-07,2.359592e-05
18.435000,4.1887354396,4.1887354396,-5.031218e-07,2.359297e-05
18.440000,4.1887353988,4.1887353988,-5.051978e-07,2.359003e-05
18.445000,4.1887353582,4.1887353582,-5.072642e-07,2.358709e-05
18.450000,4.1887353177,4.1887353177,-5.093212e-07,2.358415e-05
18.455000,4.1887352773,4.1887352773,-5.113686e-07,2.358121e-05
18.460000,4.1887352371,4.1887352371,-5.134066e-07,2.357828e-05
18.465000,4.1887351969,4.1887351969,-5.154352e-07,2.357536e-05
18.470000,4.1887351569,4.1887351569,-5.174545e-07,2.357243e-05
18.475000,4.1887351171,4.1887351171,-5.194644e-07,2.356951e-05
18.480000,4.1887350773,4.1887350773,-5.214649e-07,2.356660e-05
18.485000,4.1887350341,4.1887350341,-5.234562e-07,2.356350e-05
18.490000,4.1887349552,4.1887349552,-5.254383e-07,2.355880e-05
18.495000,4.1887348566,4.1887348566,-5.277065e-07,2.355462e-05
18.500000,4.1887347673,4.1887347673,-5.325791e-07,2.355198e-05
18.505000,4.1887346757,4.1887346757,-5.369085e-07,2.354903e-05
18.510000,4.1887345841,4.1887345841,-5.413324e-07,2.354615e-05
18.515000,4.1887344920,4.1887344920,-5.457218e-07,2.354326e-05
18.520000,4.1887343995,4.1887343995,-5.501028e-07,2.354038e-05
18.525000,4.1887343065,4.1887343065,-5.544701e-07,2.353750e-05
18.530000,4.1887342132,4.1887342132,-5.588249e-07,2.353462e-05
