t,phi_wrapped,phi_unwrapped
1.965000,0.0002791343063,0.0002791343063
1.970000,0.0003315080671,0.0003315080671
1.975000,0.0003885642343,0.0003885642343
1.980000,0.0004503044132,0.0004503044132
1.985000,0.000517610779,0.000517610779
1.990000,0.0005892510217,0.0005892510217
1.995000,0.0006647097444,0.0006647097444
2.000000,0.0007435257734,0.0007435257734
2.005000,0.0008252309309,0.0008252309309
2.010000,0.0009093551542,0.0009093551542
2.015000,0.000995430346,0.000995430346
2.020000,0.001082994155,0.001082994155
2.025000,0.001171638757,0.001171638757
2.030000,0.001261859278,0.001261859278
2.035000,0.001353555782,0.001353555782
2.040000,0.001446682436,0.001446682436
2.045000,0.001541194693,0.001541194693
2.050000,0.001637048446,0.001637048446
2.055000,0.001734201988,0.001734201988
2.060000,0.001832616094,0.001832616094
2.065000,0.001932253237,0.001932253237
2.070000,0.001991678402,0.001991678402
2.075000,0.002046081762,0.002046081762
2.080000,0.002144055875,0.002144055875
2.085000,0.002195101111,0.002195101111
2.090000,0.002241425966,0.002241425966
2.095000,0.002283379967,0.002283379967
2.100000,0.002321297135,0.002321297135
2.105000,0.002355494684,0.002355494684
2.110000,0.002386272866,0.002386272866
2.115000,0.002413916112,0.002413916112
2.120000,0.002438694737,0.002438694737
2.125000,0.002460866757,0.002460866757
2.130000,0.002480679568,0.002480679568
2.135000,0.002498371381,0.002498371381
2.140000,0.00251417237,0.00251417237
2.145000,0.002528305546,0.002528305546
2.150000,0.002540987381,0.002540987381
2.155000,0.002552428232,0.002552428232
2.160000,0.002562832597,0.002562832597
2.165000,0.002572399241,0.002572399241
2.170000,0.002581321222,0.002581321222
2.175000,0.002589785855,0.002589785855
2.180000,0.00259797462,0.00259797462
2.185000,0.002606063048,0.002606063048
2.190000,0.002614220583,0.002614220583
2.195000,0.002622610136,0.002622610136
2.200000,0.002631389226,0.002631389226
2.205000,0.002640707922,0.002640707922
2.210000,0.002650710049,0.002650710049
2.215000,0.002661532875,0.002661532875
2.220000,0.00267330664,0.00267330664
2.225000,0.002686154985,0.002686154985
2.230000,0.002700844041,0.002700844041
2.235000,0.002716199951,0.002716199951
2.240000,0.002733074128,0.002733074128
2.245000,0.002751078949,0.002751078949
2.250000,0.002770682513,0.002770682513
2.255000,0.002791967598,0.002791967598
2.260000,0.002815010841,0.002815010841
2.265000,0.002839882823,0.002839882823
2.270000,0.002866647606,0.002866647606
2.275000,0.002895362989,0.002895362989
2.280000,0.002926080985,0.002926080985
2.285000,0.00295884783,0.00295884783
2.290000,0.002993704146,0.002993704146
2.295000,0.003030685118,0.003030685118
2.300000,0.003069820678,0.003069820678
2.305000,0.003111135694,0.003111135694
2.310000,0.003154650158,0.003154650158
2.315000,0.003200379382,0.003200379382
2.320000,0.003248333739,0.003248333739
2.325000,0.003298520256,0.003298520256
2.330000,0.003350941356,0.003350941356
2.335000,0.003405595603,0.003405595603
2.340000,0.003462477865,0.003462477865
2.345000,0.003521579511,0.003521579511
2.350000,0.003582889536,0.003582889536
2.355000,0.00364639142,0.00364639142
2.360000,0.003712067634,0.003712067634
2.365000,0.003779897171,0.003779897171
2.370000,0.003849856965,0.003849856965
2.375000,0.003921921413,0.003921921413
2.380000,0.003996062589,0.003996062589
2.385000,0.004072250591,0.004072250591
2.390000,0.004150453228,0.004150453228
2.395000,0.004230637006,0.004230637006
2.400000,0.004311372791,0.004311372791
2.405000,0.004394809607,0.004394809607
2.410000,0.004481083678,0.004481083678
2.415000,0.004570100249,0.004570100249
2.420000,0.004661763215,0.004661763215
2.425000,0.004755924843,0.004755924843
2.430000,0.004851456998,0.004851456998
2.435000,0.004948437299,0.004948437299
2.440000,0.005046817213,0.005046817213
2.445000,0.005146550589,0.005146550589
2.450000,0.005247590258,0.005247590258
2.455000,0.005349888848,0.005349888848
2.460000,0.005453398783,0.005453398783
2.465000,0.005558071848,0.005558071848
2.470000,0.005663863749,0.005663863749
2.475000,0.005770725285,0.005770725285
2.480000,0.005878611778,0.005878611778
2.485000,0.00598747472,0.00598747472
2.490000,0.00609726888,0.00609726888
2.495000,0.00620794864,0.00620794864
2.500000,0.006319468869,0.006319468869
2.505000,0.006431784965,0.006431784965
2.510000,0.006544852909,0.006544852909
2.515000,0.006658629302,0.006658629302
2.520000,0.006773071408,0.006773071408
2.525000,0.006888137187,0.006888137187
2.530000,0.00700378533,0.00700378533
2.535000,0.007119975283,0.007119975283
2.540000,0.007236667279,0.007236667279
2.545000,0.007353822359,0.007353822359
2.550000,0.007471402389,0.007471402389
2.555000,0.007589370084,0.007589370084
2.560000,0.007707689017,0.007707689017
2.565000,0.00782632364,0.00782632364
2.570000,0.007945239284,0.007945239284
2.575000,0.008064402178,0.008064402178
2.580000,0.00818377883,0.00818377883
2.585000,0.008303337901,0.008303337901
2.590000,0.008423047451,0.008423047451
2.595000,0.00854287878,0.00854287878
2.600000,0.008662227076,0.008662227076
2.605000,0.008782416225,0.008782416225
2.610000,0.008903441569,0.008903441569
2.615000,0.009025180776,0.009025180776
2.620000,0.009147517377,0.009147517377
2.625000,0.009269686826,0.009269686826
2.630000,0.009391423902,0.009391423902
2.635000,0.009512850719,0.009512850719
2.640000,0.009633944285,0.009633944285
2.645000,0.009754677151,0.009754677151
2.650000,0.009875021823,0.009875021823
2.655000,0.009994958946,0.009994958946
2.660000,0.01011446326,0.01011446326
2.665000,0.01023351502,0.01023351502
2.670000,0.01035208663,0.01035208663
2.675000,0.01047016564,0.01047016564
2.680000,0.01058773058,0.01058773058
2.685000,0.01070476543,0.01070476543
2.690000,0.01082125119,0.01082125119
2.695000,0.01093600332,0.01093600332
2.700000,0.01105122074,0.01105122074
2.705000,0.01116689757,0.01116689757
2.710000,0.01128295452,0.01128295452
2.715000,0.01139842341,0.01139842341
2.720000,0.01151308117,0.01151308117
2.725000,0.01162694755,0.01162694755
2.730000,0.01174001778,0.01174001778
2.735000,0.01185226937,0.01185226937
2.740000,0.01196370206,0.01196370206
2.745000,0.01207429908,0.01207429908
2.750000,0.01218404469,0.01218404469
2.755000,0.01229293574,0.01229293574
2.760000,0.01240096896,0.01240096896
2.765000,0.01250812926,0.01250812926
2.770000,0.01261441194,0.01261441194
2.775000,0.01271981187,0.01271981187
2.780000,0.01282432487,0.01282432487
2.785000,0.01292794659,0.01292794659
2.790000,0.01303067635,0.01303067635
2.795000,0.01313250358,0.01313250358
2.800000,0.01323342932,0.01323342932
2.805000,0.01333345418,0.01333345418
2.810000,0.01343257967,0.01343257967
2.815000,0.01353080057,0.01353080057
2.820000,0.01362811696,0.01362811696
2.825000,0.01372452491,0.01372452491
2.830000,0.013820032,0.013820032
2.835000,0.01391464326,0.01391464326
2.840000,0.01400835409,0.01400835409
2.845000,0.01410116596,0.01410116596
2.850000,0.01419309049,0.01419309049
2.855000,0.01428412689,0.01428412689
2.860000,0.01437427227,0.01437427227
2.865000,0.0144635363,0.0144635363
2.870000,0.01455192368,0.01455192368
2.875000,0.0146394447,0.0146394447
2.880000,0.01472610001,0.01472610001
2.885000,0.0148118953,0.0148118953
2.890000,0.01489683658,0.01489683658
2.895000,0.01498093014,0.01498093014
2.900000,0.01506418176,0.01506418176
2.905000,0.01514659403,0.01514659403
2.910000,0.01522817958,0.01522817958
2.915000,0.0153089488,0.0153089488
2.920000,0.01538999841,0.01538999841
2.925000,0.01546985039,0.01546985039
2.930000,0.01554887437,0.01554887437
2.935000,0.01562707685,0.01562707685
2.940000,0.01570447567,0.01570447567
2.945000,0.01577836069,0.01577836069
2.950000,0.01584792743,0.01584792743
2.955000,0.01591249734,0.01591249734
2.960000,0.0159715487,0.0159715487
2.965000,0.01602465933,0.01602465933
2.970000,0.01607152213,0.01607152213
2.975000,0.01611192091,0.01611192091
2.980000,0.01614572492,0.01614572492
2.985000,0.01617286113,0.01617286113
2.990000,0.01619333459,0.01619333459
2.995000,0.01620720154,0.01620720154
3.000000,0.0162145641,0.0162145641
3.005000,0.01621557653,0.01621557653
3.010000,0.01620148569,0.01620148569
3.015000,0.01618185093,0.01618185093
3.020000,0.01615765144,0.01615765144
3.025000,0.01612911579,0.01612911579
3.030000,0.01609649762,0.01609649762
3.035000,0.01606005338,0.01606005338
3.040000,0.01602005309,0.01602005309
3.045000,0.01597677258,0.01597677258
3.050000,0.0158939624,0.0158939624
3.055000,0.01580097079,0.01580097079
3.060000,0.01574523573,0.01574523573
3.065000,0.01564180447,0.01564180447
3.070000,0.01552949939,0.01552949939
3.075000,0.01540904363,0.01540904363
3.080000,0.01527886548,0.01527886548
3.085000,0.01514026321,0.01514026321
3.090000,0.0149955152,0.0149955152
3.095000,0.01484528688,0.01484528688
3.100000,0.01469021585,0.01469021585
3.105000,0.01453091503,0.01453091503
3.110000,0.01436797325,0.01436797325
3.115000,0.01420195631,0.01420195631
3.120000,0.01403340798,0.01403340798
3.125000,0.01386285076,0.01386285076
3.130000,0.01369078657,0.01369078657
3.135000,0.01351769602,0.01351769602
3.140000,0.01334404166,0.01334404166
3.145000,0.01317026918,0.01317026918
3.150000,0.01299679867,0.01299679867
3.155000,0.01282403507,0.01282403507
3.160000,0.01265236453,0.01265236453
3.165000,0.01248215058,0.01248215058
3.170000,0.01231374196,0.01231374196
3.175000,0.01214746689,0.01214746689
3.180000,0.01198363593,0.01198363593
3.185000,0.01182254147,0.01182254147
3.190000,0.01166445782,0.01166445782
3.195000,0.0115093525,0.0115093525
3.200000,0.01135773689,0.01135773689
3.205000,0.01121121994,0.01121121994
3.210000,0.01107021784,0.01107021784
3.215000,0.01093517988,0.01093517988
3.220000,0.01080480758,0.01080480758
3.225000,0.01067882487,0.01067882487
3.230000,0.01055736338,0.01055736338
3.235000,0.0104425323,0.0104425323
3.240000,0.01032980038,0.01032980038
3.245000,0.01022200444,0.01022200444
3.250000,0.01011923076,0.01011923076
3.255000,0.01002153591,0.01002153591
3.260000,0.009928970999,0.009928970999
3.265000,0.009841576442,0.009841576442
3.270000,0.009759380902,0.009759380902
3.275000,0.009682262448,0.009682262448
3.280000,0.009609172356,0.009609172356
3.285000,0.009542249211,0.009542249211
3.290000,0.009480896753,0.009480896753
3.295000,0.009424703884,0.009424703884
3.300000,0.009373690423,0.009373690423
3.305000,0.009327821509,0.009327821509
3.310000,0.009287050512,0.009287050512
3.315000,0.00925134348,0.00925134348
3.320000,0.009220641089,0.009220641089
3.325000,0.009194896233,0.009194896233
3.330000,0.009174039713,0.009174039713
3.335000,0.009158011768,0.009158011768
3.340000,0.009146730144,0.009146730144
3.345000,0.009140131304,0.009140131304
3.350000,0.009138124057,0.009138124057
3.355000,0.009140640655,0.009140640655
3.360000,0.00914759124,0.00914759124
3.365000,0.009158884733,0.009158884733
3.370000,0.009174430031,0.009174430031
3.375000,0.009194133232,0.009194133232
3.380000,0.009217906516,0.009217906516
3.385000,0.00924565311,0.00924565311
3.390000,0.009277278669,0.009277278669
3.395000,0.009312683903,0.009312683903
3.400000,0.009350109394,0.009350109394
3.405000,0.009389605956,0.009389605956
3.410000,0.009432567973,0.009432567973
3.415000,0.009478903636,0.009478903636
3.420000,0.009528519764,0.009528519764
3.425000,0.009581321891,0.009581321891
3.430000,0.009637211919,0.009637211919
3.435000,0.009696105165,0.009696105165
3.440000,0.009757907741,0.009757907741
3.445000,0.009822518157,0.009822518157
3.450000,0.00988984839,0.00988984839
3.455000,0.009959806069,0.009959806069
3.460000,0.01003230486,0.01003230486
3.465000,0.01010724566,0.01010724566
3.470000,0.01018454346,0.01018454346
3.475000,0.01026411,0.01026411
3.480000,0.01034585812,0.01034585812
3.485000,0.0104297018,0.0104297018
3.490000,0.01051555629,0.01051555629
3.495000,0.01060333812,0.01060333812
3.500000,0.01069296517,0.01069296517
3.505000,0.01078435649,0.01078435649
3.510000,0.01087743329,0.01087743329
3.515000,0.01097211754,0.01097211754
3.520000,0.01106832863,0.01106832863
3.525000,0.01116600006,0.01116600006
3.530000,0.01126505506,0.01126505506
3.535000,0.01136542178,0.01136542178
3.540000,0.01146702997,0.01146702997
3.545000,0.01156981182,0.01156981182
3.550000,0.01167369599,0.01167369599
3.555000,0.01177863005,0.01177863005
3.560000,0.01188453843,0.01188453843
3.565000,0.01199136294,0.01199136294
3.570000,0.01209904877,0.01209904877
3.575000,0.01220753589,0.01220753589
3.580000,0.01231675572,0.01231675572
3.585000,0.01242666142,0.01242666142
3.590000,0.01253719907,0.01253719907
3.595000,0.01264832141,0.01264832141
3.600000,0.01275996494,0.01275996494
3.605000,0.01287209379,0.01287209379
3.610000,0.01298464786,0.01298464786
3.615000,0.01309759815,0.01309759815
3.620000,0.0132108926,0.0132108926
3.625000,0.0133244888,0.0133244888
3.630000,0.01343834515,0.01343834515
3.635000,0.01355243082,0.01355243082
3.640000,0.01366668258,0.01366668258
3.645000,0.01378108812,0.01378108812
3.650000,0.01389560863,0.01389560863
3.655000,0.01401020593,0.01401020593
3.660000,0.01412483901,0.01412483901
3.665000,0.01423531277,0.01423531277
3.670000,0.0143515311,0.0143515311
3.675000,0.01446772907,0.01446772907
3.680000,0.01458403846,0.01458403846
3.685000,0.01470043657,0.01470043657
3.690000,0.0148169019,0.0148169019
3.695000,0.01493341446,0.01493341446
3.700000,0.01504993856,0.01504993856
3.705000,0.0151601469,0.0151601469
3.710000,0.01527263522,0.01527263522
3.715000,0.01538802151,0.01538802151
3.720000,0.01550317925,0.01550317925
3.725000,0.015618078,0.015618078
3.730000,0.01573269906,0.01573269906
3.735000,0.0158470085,0.0158470085
3.740000,0.01596099704,0.01596099704
3.745000,0.01607463972,0.01607463972
3.750000,0.01618791591,0.01618791591
3.755000,0.01630080618,0.01630080618
3.760000,0.01641329195,0.01641329195
3.765000,0.01652535432,0.01652535432
3.770000,0.01663699766,0.01663699766
3.775000,0.01674819656,0.01674819656
3.780000,0.01685892561,0.01685892561
3.785000,0.01696919868,0.01696919868
3.790000,0.01707899186,0.01707899186
3.795000,0.01718828813,0.01718828813
3.800000,0.01729709839,0.01729709839
3.805000,0.01740540533,0.01740540533
3.810000,0.01751318938,0.01751318938
3.815000,0.01762046989,0.01762046989
3.820000,0.01772721967,0.01772721967
3.825000,0.01783345727,0.01783345727
3.830000,0.01793916639,0.01793916639
3.835000,0.01804434494,0.01804434494
3.840000,0.01814897702,0.01814897702
3.845000,0.01825308009,0.01825308009
3.850000,0.01835665405,0.01835665405
3.855000,0.01845969521,0.01845969521
3.860000,0.0185621919,0.0185621919
3.865000,0.01866416235,0.01866416235
3.870000,0.01876559168,0.01876559168
3.875000,0.01886650427,0.01886650427
3.880000,0.01896688028,0.01896688028
3.885000,0.01906673898,0.01906673898
3.890000,0.0191660814,0.0191660814
3.895000,0.01926491082,0.01926491082
3.900000,0.01936321927,0.01936321927
3.905000,0.01946103172,0.01946103172
3.910000,0.01955833239,0.01955833239
3.915000,0.01965513744,0.01965513744
3.920000,0.01975145934,0.01975145934
3.925000,0.01984689326,0.01984689326
3.930000,0.01993982975,0.01993982975
3.935000,0.02002890721,0.02002890721
3.940000,0.02011297746,0.02011297746
3.945000,0.02019112398,0.02019112398
3.950000,0.02026254452,0.02026254452
3.955000,0.02032667147,0.02032667147
3.960000,0.02038300601,0.02038300601
3.965000,0.02043122517,0.02043122517
3.970000,0.02047112413,0.02047112413
3.975000,0.02050256315,0.02050256315
3.980000,0.0205254885,0.0205254885
3.985000,0.02053995609,0.02053995609
3.990000,0.02054608974,0.02054608974
3.995000,0.02054404372,0.02054404372
4.000000,0.02053403592,0.02053403592
4.005000,0.02051632697,0.02051632697
4.010000,0.02049121364,0.02049121364
4.015000,0.0204590234,0.0204590234
4.020000,0.02042010853,0.02042010853
4.025000,0.02037484121,0.02037484121
4.030000,0.02027230426,0.02027230426
4.035000,0.02015455795,0.02015455795
4.040000,0.02008762134,0.02008762134
4.045000,0.01995292455,0.01995292455
4.050000,0.01980482555,0.01980482555
4.055000,0.01964424011,0.01964424011
4.060000,0.01947217639,0.01947217639
4.065000,0.01928957401,0.01928957401
4.070000,0.01909732242,0.01909732242
4.075000,0.01889630609,0.01889630609
4.080000,0.01868740788,0.01868740788
4.085000,0.01847141159,0.01847141159
4.090000,0.01824912078,0.01824912078
4.095000,0.01802129556,0.01802129556
4.100000,0.01778869223,0.01778869223
4.105000,0.0175519974,0.0175519974
4.110000,0.01731188976,0.01731188976
4.115000,0.0170690027,0.0170690027
4.120000,0.0168240136,0.0168240136
4.125000,0.01657747925,0.01657747925
4.130000,0.01633002037,0.01633002037
4.135000,0.01608218528,0.01608218528
4.140000,0.01583447505,0.01583447505
4.145000,0.01558744967,0.01558744967
4.150000,0.0153415475,0.0153415475
4.155000,0.01509724914,0.01509724914
4.160000,0.01485499266,0.01485499266
4.165000,0.01461519645,0.01461519645
4.170000,0.01437827735,0.01437827735
4.175000,0.01414455067,0.01414455067
4.180000,0.01391442113,0.01391442113
4.185000,0.01368818056,0.01368818056
4.190000,0.01346613323,0.01346613323
4.195000,0.01324853349,0.01324853349
4.200000,0.0130356649,0.0130356649
4.205000,0.01282780479,0.01282780479
4.210000,0.01262514531,0.01262514531
4.215000,0.0124278882,0.0124278882
4.220000,0.01223618396,0.01223618396
4.225000,0.01205023005,0.01205023005
4.230000,0.0118701932,0.0118701932
4.235000,0.01169615816,0.01169615816
4.240000,0.01152829244,0.01152829244
4.245000,0.0113666706,0.0113666706
4.250000,0.01121136529,0.01121136529
4.255000,0.01106246275,0.01106246275
4.260000,0.01091998725,0.01091998725
4.265000,0.01078403145,0.01078403145
4.270000,0.01065460544,0.01065460544
4.275000,0.01053172804,0.01053172804
4.280000,0.01041540682,0.01041540682
4.285000,0.01030561009,0.01030561009
4.290000,0.01020235135,0.01020235135
4.295000,0.01010560852,0.01010560852
4.300000,0.01001535058,0.01001535058
4.305000,0.009931538031,0.009931538031
4.310000,0.009854123493,0.009854123493
4.315000,0.009783052161,0.009783052161
4.320000,0.009718288045,0.009718288045
4.325000,0.009659735837,0.009659735837
4.330000,0.009607320948,0.009607320948
4.335000,0.009560932899,0.009560932899
4.340000,0.009520521257,0.009520521257
4.345000,0.009486028917,0.009486028917
4.350000,0.009457284502,0.009457284502
4.355000,0.009434274121,0.009434274121
4.360000,0.009416835988,0.009416835988
4.365000,0.009404875616,0.009404875616
4.370000,0.009398298568,0.009398298568
4.375000,0.009397019537,0.009397019537
4.380000,0.00940089277,0.00940089277
4.385000,0.009409776037,0.009409776037
4.390000,0.00942358357,0.00942358357
4.395000,0.009442202246,0.009442202246
4.400000,0.009465515614,0.009465515614
4.405000,0.009493404867,0.009493404867
4.410000,0.009525750552,0.009525750552
4.415000,0.009562458451,0.009562458451
4.420000,0.009603377996,0.009603377996
4.425000,0.009648364508,0.009648364508
4.430000,0.009697355261,0.009697355261
4.435000,0.009750176577,0.009750176577
4.440000,0.009806729089,0.009806729089
4.445000,0.009866895559,0.009866895559
4.450000,0.009930566017,0.009930566017
4.455000,0.009997613983,0.009997613983
4.460000,0.01006792549,0.01006792549
4.465000,0.01014138949,0.01014138949
4.470000,0.01021789246,0.01021789246
4.475000,0.0102973461,0.0102973461
4.480000,0.01037961082,0.01037961082
4.485000,0.01046455609,0.01046455609
4.490000,0.0105521227,0.0105521227
4.495000,0.01064217252,0.01064217252
4.500000,0.0107346206,0.0107346206
4.505000,0.01082931714,0.01082931714
4.510000,0.0109262351,0.0109262351
4.515000,0.01102520306,0.01102520306
4.520000,0.01112615309,0.01112615309
4.525000,0.01122899365,0.01122899365
4.530000,0.0113336341,0.0113336341
4.535000,0.01143998337,0.01143998337
4.540000,0.01154795243,0.01154795243
4.545000,0.01165748699,0.01165748699
4.550000,0.01176846413,0.01176846413
4.555000,0.01188080422,0.01188080422
4.560000,0.01199439524,0.01199439524
4.565000,0.01210921459,0.01210921459
4.570000,0.01222515324,0.01222515324
4.575000,0.01234212307,0.01234212307
4.580000,0.01246010221,0.01246010221
4.585000,0.01257895659,0.01257895659
4.590000,0.01269867692,0.01269867692
4.595000,0.01281917211,0.01281917211
4.600000,0.01294037422,0.01294037422
4.605000,0.01306222044,0.01306222044
4.610000,0.01318464993,0.01318464993
4.615000,0.01330760379,0.01330760379
4.620000,0.01343102507,0.01343102507
4.625000,0.01355485872,0.01355485872
4.630000,0.01367901949,0.01367901949
4.635000,0.01380348899,0.01380348899
4.640000,0.01392821797,0.01392821797
4.645000,0.01405315894,0.01405315894
4.650000,0.01417826614,0.01417826614
4.655000,0.01430349097,0.01430349097
4.660000,0.0144287993,0.0144287993
4.665000,0.01455414493,0.01455414493
4.670000,0.0146802244,0.0146802244
4.675000,0.01480577958,0.01480577958
4.680000,0.01493126421,0.01493126421
4.685000,0.01505641067,0.01505641067
4.690000,0.0151813709,0.0151813709
4.695000,0.01530615112,0.01530615112
4.700000,0.01543067823,0.01543067823
4.705000,0.01555496825,0.01555496825
4.710000,0.01567897953,0.01567897953
4.715000,0.01580271864,0.01580271864
4.720000,0.01592610216,0.01592610216
4.725000,0.01604917405,0.01604917405
4.730000,0.01617184413,0.01617184413
4.735000,0.01629413354,0.01629413354
4.740000,0.01641601029,0.01641601029
4.745000,0.01653745891,0.01653745891
4.750000,0.01665846177,0.01665846177
4.755000,0.01677903497,0.01677903497
4.760000,0.01689910524,0.01689910524
4.765000,0.01701871338,0.01701871338
4.770000,0.01713779405,0.01713779405
4.775000,0.01725636183,0.01725636183
4.780000,0.017374406,0.017374406
4.785000,0.01749191672,0.01749191672
4.790000,0.01760891683,0.01760891683
4.795000,0.0177253696,0.0177253696
4.800000,0.01784126804,0.01784126804
4.805000,0.01795660607,0.01795660607
4.810000,0.01807137836,0.01807137836
4.815000,0.0181855804,0.0181855804
4.820000,0.01829920839,0.01829920839
4.825000,0.01841222851,0.01841222851
4.830000,0.01852466652,0.01852466652
4.835000,0.01863652075,0.01863652075
4.840000,0.01874779014,0.01874779014
4.845000,0.01885847426,0.01885847426
4.850000,0.01896857328,0.01896857328
4.855000,0.01907808827,0.01907808827
4.860000,0.01918702189,0.01918702189
4.865000,0.01929537605,0.01929537605
4.870000,0.01940315316,0.01940315316
4.875000,0.01951035615,0.01951035615
4.880000,0.01961698839,0.01961698839
4.885000,0.01972307951,0.01972307951
4.890000,0.01982860523,0.01982860523
4.895000,0.0199335699,0.0199335699
4.900000,0.02003795132,0.02003795132
4.905000,0.02014126718,0.02014126718
4.910000,0.02024182503,0.02024182503
4.915000,0.02033815424,0.02033815424
4.920000,0.02042903172,0.02042903172
4.925000,0.02051347068,0.02051347068
4.930000,0.02059065528,0.02059065528
4.935000,0.02065990109,0.02065990109
4.940000,0.02072075919,0.02072075919
4.945000,0.02077287399,0.02077287399
4.950000,0.02081601821,0.02081601821
4.955000,0.02085007216,0.02085007216
4.960000,0.02087499234,0.02087499234
4.965000,0.02089088861,0.02089088861
4.970000,0.02089784055,0.02089784055
4.975000,0.02089598587,0.02089598587
4.980000,0.0208856079,0.0208856079
4.985000,0.02086699286,0.02086699286
4.990000,0.02084046576,0.02084046576
4.995000,0.02080638138,0.02080638138
5.000000,0.02076512138,0.02076512138
5.005000,0.02071708952,0.02071708952
5.010000,0.02060594262,0.02060594262
5.015000,0.02047871712,0.02047871712
5.020000,0.0204079134,0.0204079134
5.025000,0.02026265639,0.02026265639
5.030000,0.02010323714,0.02010323714
5.035000,0.01993067743,0.01993067743
5.040000,0.01974606355,0.01974606355
5.045000,0.01955036008,0.01955036008
5.050000,0.01934453939,0.01934453939
5.055000,0.01912953882,0.01912953882
5.060000,0.01890620413,0.01890620413
5.065000,0.01867545394,0.01867545394
5.070000,0.01843813748,0.01843813748
5.075000,0.01819503477,0.01819503477
5.080000,0.01794693536,0.01794693536
5.085000,0.01769458732,0.01769458732
5.090000,0.01743876777,0.01743876777
5.095000,0.01718011835,0.01718011835
5.100000,0.01691930628,0.01691930628
5.105000,0.01665697229,0.01665697229
5.110000,0.01639368776,0.01639368776
5.115000,0.01613012417,0.01613012417
5.120000,0.0158668012,0.0158668012
5.125000,0.01560425652,0.01560425652
5.130000,0.01534300212,0.01534300212
5.135000,0.01508348077,0.01508348077
5.140000,0.01482620312,0.01482620312
5.145000,0.0145716059,0.0145716059
5.150000,0.01432014708,0.01432014708
5.155000,0.01407216114,0.01407216114
5.160000,0.01382796627,0.01382796627
5.165000,0.01358801712,0.01358801712
5.170000,0.0133525034,0.0133525034
5.175000,0.01312179098,0.01312179098
5.180000,0.01289620834,0.01289620834
5.185000,0.01267594818,0.01267594818
5.190000,0.01246117791,0.01246117791
5.195000,0.01225222824,0.01225222824
5.200000,0.01204918968,0.01204918968
5.205000,0.01185227482,0.01185227482
5.210000,0.01166163751,0.01166163751
5.215000,0.01147741402,0.01147741402
5.220000,0.01129977416,0.01129977416
5.225000,0.01112877518,0.01112877518
5.230000,0.01096450392,0.01096450392
5.235000,0.01080703199,0.01080703199
5.240000,0.0106564166,0.0106564166
5.245000,0.01051270115,0.01051270115
5.250000,0.01037591599,0.01037591599
5.255000,0.01024607896,0.01024607896
5.260000,0.01012319609,0.01012319609
5.265000,0.01000726219,0.01000726219
5.270000,0.009898259296,0.009898259296
5.275000,0.00979616126,0.00979616126
5.280000,0.009700933132,0.009700933132
5.285000,0.009612531109,0.009612531109
5.290000,0.009530858924,0.009530858924
5.295000,0.00945590434,0.00945590434
5.300000,0.0093875999,0.0093875999
5.305000,0.009325871499,0.009325871499
5.310000,0.009270686897,0.009270686897
5.315000,0.009221908239,0.009221908239
5.320000,0.009179456542,0.009179456542
5.325000,0.009143223274,0.009143223274
5.330000,0.009113108066,0.009113108066
5.335000,0.00908895637,0.00908895637
5.340000,0.009070701708,0.009070701708
5.345000,0.009058243009,0.009058243009
5.350000,0.009051465293,0.009051465293
5.355000,0.009050250984,0.009050250984
5.360000,0.009054480241,0.009054480241
5.365000,0.009064031262,0.009064031262
5.370000,0.009078780584,0.009078780584
5.375000,0.009098648377,0.009098648377
5.380000,0.009123466572,0.009123466572
5.385000,0.009153108821,0.009153108821
5.390000,0.009187448097,0.009187448097
5.395000,0.009226356957,0.009226356957
5.400000,0.009269704233,0.009269704233
5.405000,0.009317320438,0.009317320438
5.410000,0.009369126045,0.009369126045
5.415000,0.009425033422,0.009425033422
5.420000,0.009484863586,0.009484863586
5.425000,0.009548503391,0.009548503391
5.430000,0.009615799537,0.009615799537
5.435000,0.009686670665,0.009686670665
5.440000,0.009760939795,0.009760939795
5.445000,0.009838553801,0.009838553801
5.450000,0.009919363352,0.009919363352
5.455000,0.01000320683,0.01000320683
5.460000,0.01009000019,0.01009000019
5.465000,0.01017962743,0.01017962743
5.470000,0.01027197427,0.01027197427
5.475000,0.01036697375,0.01036697375
5.480000,0.01046447556,0.01046447556
5.485000,0.01056437093,0.01056437093
5.490000,0.01066655301,0.01066655301
5.495000,0.01077091694,0.01077091694
5.500000,0.01087735988,0.01087735988
5.505000,0.0109857808,0.0109857808
5.510000,0.01109608082,0.01109608082
5.515000,0.01120816718,0.01120816718
5.520000,0.01132193768,0.01132193768
5.525000,0.01143724988,0.01143724988
5.530000,0.01155406413,0.01155406413
5.535000,0.01167229244,0.01167229244
5.540000,0.01179184904,0.01179184904
5.545000,0.01191265033,0.01191265033
5.550000,0.01203461489,0.01203461489
5.555000,0.01215766349,0.01215766349
5.560000,0.01228171907,0.01228171907
5.565000,0.01240675115,0.01240675115
5.570000,0.01253259908,0.01253259908
5.575000,0.01265928319,0.01265928319
5.580000,0.01278669001,0.01278669001
5.585000,0.01291475314,0.01291475314
5.590000,0.01304340823,0.01304340823
5.595000,0.01317259302,0.01317259302
5.600000,0.01330224728,0.01330224728
5.605000,0.0134323128,0.0134323128
5.610000,0.01356273329,0.01356273329
5.615000,0.01369345322,0.01369345322
5.620000,0.01382442024,0.01382442024
5.625000,0.01395558391,0.01395558391
5.630000,0.01408689567,0.01408689567
5.635000,0.01421829844,0.01421829844
5.640000,0.01434975355,0.01434975355
5.645000,0.01448124285,0.01448124285
5.650000,0.01461326572,0.01461326572
5.655000,0.0147448714,0.0147448714
5.660000,0.01487637894,0.01487637894
5.665000,0.01500744108,0.01500744108
5.670000,0.01513835711,0.01513835711
5.675000,0.01526904801,0.01526904801
5.680000,0.01539943475,0.01539943475
5.685000,0.01552957749,0.01552957749
5.690000,0.01565940657,0.01565940657
5.695000,0.0157888874,0.0157888874
5.700000,0.0159179642,0.0159179642
5.705000,0.01604668753,0.01604668753
5.710000,0.01617499097,0.01617499097
5.715000,0.01630286234,0.01630286234
5.720000,0.01643022767,0.01643022767
5.725000,0.01655715455,0.01655715455
5.730000,0.0166835868,0.0166835868
5.735000,0.01680950899,0.01680950899
5.740000,0.01693490517,0.01693490517
5.745000,0.01705976332,0.01705976332
5.750000,0.01718406258,0.01718406258
5.755000,0.01730779404,0.01730779404
5.760000,0.01743090683,0.01743090683
5.765000,0.01755347506,0.01755347506
5.770000,0.0176753965,0.0176753965
5.775000,0.01779675291,0.01779675291
5.780000,0.0179175014,0.0179175014
5.785000,0.01803758508,0.01803758508
5.790000,0.01815703752,0.01815703752
5.795000,0.01827589947,0.01827589947
5.800000,0.01839412833,0.01839412833
5.805000,0.01851172043,0.01851172043
5.810000,0.01862867279,0.01862867279
5.815000,0.01874498313,0.01874498313
5.820000,0.01886064987,0.01886064987
5.825000,0.01897567206,0.01897567206
5.830000,0.01909004936,0.01909004936
5.835000,0.01920378205,0.01920378205
5.840000,0.01931687096,0.01931687096
5.845000,0.01942931746,0.01942931746
5.850000,0.01954109,0.01954109
5.855000,0.0196522327,0.0196522327
5.860000,0.01976277422,0.01976277422
5.865000,0.01987269242,0.01987269242
5.870000,0.01998198955,0.01998198955
5.875000,0.02009066459,0.02009066459
5.880000,0.02019869284,0.02019869284
5.885000,0.02030551222,0.02030551222
5.890000,0.02040936772,0.02040936772
5.895000,0.02050877701,0.02050877701
5.900000,0.02060250108,0.02060250108
5.905000,0.02068954442,0.02068954442
5.910000,0.02076900699,0.02076900699
5.915000,0.02084027183,0.02084027183
5.920000,0.02090285288,0.02090285288
5.925000,0.02095642391,0.02095642391
5.930000,0.02100072875,0.02100072875
5.935000,0.02103563271,0.02103563271
5.940000,0.02106109795,0.02106109795
5.945000,0.02107718801,0.02107718801
5.950000,0.02108399015,0.02108399015
5.955000,0.02108175544,0.02108175544
5.960000,0.02107078269,0.02107078269
5.965000,0.02105131323,0.02105131323
5.970000,0.02102368829,0.02102368829
5.975000,0.02098821923,0.02098821923
5.980000,0.0209453521,0.0209453521
5.985000,0.02089551122,0.02089551122
5.990000,0.02078099314,0.02078099314
5.995000,0.02065005554,0.02065005554
6.000000,0.02057683901,0.02057683901
6.005000,0.02042733625,0.02042733625
6.010000,0.0202634157,0.0202634157
6.015000,0.02008608226,0.02008608226
6.020000,0.01989639442,0.01989639442
6.025000,0.01969532597,0.01969532597
6.030000,0.01948393015,0.01948393015
6.035000,0.01926316574,0.01926316574
6.040000,0.01903395613,0.01903395613
6.045000,0.01879719024,0.01879719024
6.050000,0.01855378011,0.01855378011
6.055000,0.01830448892,0.01830448892
6.060000,0.01805012403,0.01805012403
6.065000,0.01779143857,0.01779143857
6.070000,0.01752909783,0.01752909783
6.075000,0.01726388967,0.01726388967
6.080000,0.01699649553,0.01699649553
6.085000,0.016727624,0.016727624
6.090000,0.01645783668,0.01645783668
6.095000,0.01618769194,0.01618769194
6.100000,0.01591786625,0.01591786625
6.105000,0.01564884573,0.01564884573
6.110000,0.01538113332,0.01538113332
6.115000,0.01511531401,0.01511531401
6.120000,0.01485175094,0.01485175094
6.125000,0.01459093614,0.01459093614
6.130000,0.01433335634,0.01433335634
6.135000,0.01407935505,0.01407935505
6.140000,0.01382930445,0.01382930445
6.145000,0.0135834906,0.0135834906
6.150000,0.01334229133,0.01334229133
6.155000,0.01310600754,0.01310600754
6.160000,0.01287491801,0.01287491801
6.165000,0.01264927962,0.01264927962
6.170000,0.01242938518,0.01242938518
6.175000,0.01221539697,0.01221539697
6.180000,0.01200751001,0.01200751001
6.185000,0.01180589947,0.01180589947
6.190000,0.01161072175,0.01161072175
6.195000,0.01142211475,0.01142211475
6.200000,0.01124019742,0.01124019742
6.205000,0.01106507387,0.01106507387
6.210000,0.01089683213,0.01089683213
6.215000,0.01073554484,0.01073554484
6.220000,0.01058126992,0.01058126992
6.225000,0.01043405125,0.01043405125
6.230000,0.01029391935,0.01029391935
6.235000,0.01016089201,0.01016089201
6.240000,0.01003497495,0.01003497495
6.245000,0.009916111594,0.009916111594
6.250000,0.009804336917,0.009804336917
6.255000,0.009699623869,0.009699623869
6.260000,0.009601936085,0.009601936085
6.265000,0.009511228167,0.009511228167
6.270000,0.009427446256,0.009427446256
6.275000,0.009350528577,0.009350528577
6.280000,0.009280405971,0.009280405971
6.285000,0.00921701473,0.00921701473
6.290000,0.009160259484,0.009160259484
6.295000,0.009110051967,0.009110051967
6.300000,0.00906629849,0.00906629849
6.305000,0.009028889619,0.009028889619
6.310000,0.008997733536,0.008997733536
6.315000,0.008972722885,0.008972722885
6.320000,0.008953746578,0.008953746578
6.325000,0.008940690172,0.008940690172
6.330000,0.008933436231,0.008933436231
6.335000,0.008931864675,0.008931864675
6.340000,0.008935853113,0.008935853113
6.345000,0.008945277154,0.008945277154
6.350000,0.008960010713,0.008960010713
6.355000,0.008979970024,0.008979970024
6.360000,0.009004984194,0.009004984194
6.365000,0.009034923894,0.009034923894
6.370000,0.009069658966,0.009069658966
6.375000,0.00910905884,0.00910905884
6.380000,0.009152992736,0.009152992736
6.385000,0.009201329851,0.009201329851
6.390000,0.00925393964,0.00925393964
6.395000,0.009310691947,0.009310691947
6.400000,0.009371457175,0.009371457175
6.405000,0.009436106442,0.009436106442
6.410000,0.009504511735,0.009504511735
6.415000,0.009576546047,0.009576546047
6.420000,0.009652083504,0.009652083504
6.425000,0.009730999489,0.009730999489
6.430000,0.009813170752,0.009813170752
6.435000,0.009898475509,0.009898475509
6.440000,0.009986793543,0.009986793543
6.445000,0.01007800629,0.01007800629
6.450000,0.0101719969,0.0101719969
6.455000,0.01026865035,0.01026865035
6.460000,0.01036785347,0.01036785347
6.465000,0.01046949501,0.01046949501
6.470000,0.01057346571,0.01057346571
6.475000,0.01067965833,0.01067965833
6.480000,0.01078796769,0.01078796769
6.485000,0.01089829355,0.01089829355
6.490000,0.01101052704,0.01101052704
6.495000,0.01112457334,0.01112457334
6.500000,0.01124033584,0.01124033584
6.505000,0.01135772011,0.01135772011
6.510000,0.01147663395,0.01147663395
6.515000,0.01159698737,0.01159698737
6.520000,0.01171869262,0.01171869262
6.525000,0.01184161682,0.01184161682
6.530000,0.01196572543,0.01196572543
6.535000,0.01209093736,0.01209093736
6.540000,0.01221717392,0.01221717392
6.545000,0.01234435861,0.01234435861
6.550000,0.01247241717,0.01247241717
6.555000,0.01260127748,0.01260127748
6.560000,0.01273092184,0.01273092184
6.565000,0.01286122697,0.01286122697
6.570000,0.01299212722,0.01299212722
6.575000,0.01312355881,0.01312355881
6.580000,0.01325546006,0.01325546006
6.585000,0.01338777132,0.01338777132
6.590000,0.01352039023,0.01352039023
6.595000,0.01365331292,0.01365331292
6.600000,0.01378649023,0.01378649023
6.605000,0.0139199028,0.0139199028
6.610000,0.01405340929,0.01405340929
6.615000,0.01418705561,0.01418705561
6.620000,0.01432075377,0.01432075377
6.625000,0.0144544527,0.0144544527
6.630000,0.01458863356,0.01458863356
6.635000,0.01472244163,0.01472244163
6.640000,0.01485614491,0.01485614491
6.645000,0.01498941475,0.01498941475
6.650000,0.01512249104,0.01512249104
6.655000,0.01525533708,0.01525533708
6.660000,0.01538791814,0.01538791814
6.665000,0.01552019667,0.01552019667
6.670000,0.01565214526,0.01565214526
6.675000,0.01578373962,0.01578373962
6.680000,0.01591489668,0.01591489668
6.685000,0.01604566186,0.01604566186
6.690000,0.01617598223,0.01617598223
6.695000,0.01630585828,0.01630585828
6.700000,0.01643528459,0.01643528459
6.705000,0.01656417759,0.01656417759
6.710000,0.01669255657,0.01669255657
6.715000,0.0168204026,0.0168204026
6.720000,0.01694774102,0.01694774102
6.725000,0.0170744735,0.0170744735
6.730000,0.0172006332,0.0172006332
6.735000,0.01732620797,0.01732620797
6.740000,0.01745123295,0.01745123295
6.745000,0.01757564501,0.01757564501
6.750000,0.01769943825,0.01769943825
6.755000,0.01782260359,0.01782260359
6.760000,0.01794513286,0.01794513286
6.765000,0.01806701878,0.01806701878
6.770000,0.01818825493,0.01818825493
6.775000,0.01830880005,0.01830880005
6.780000,0.01842869486,0.01842869486
6.785000,0.01854792128,0.01854792128
6.790000,0.01866651931,0.01866651931
6.795000,0.01878442482,0.01878442482
6.800000,0.01890170374,0.01890170374
6.805000,0.01901827502,0.01901827502
6.810000,0.01913421685,0.01913421685
6.815000,0.01924949688,0.01924949688
6.820000,0.01936411552,0.01936411552
6.825000,0.0194780358,0.0194780358
6.830000,0.01959129515,0.01959129515
6.835000,0.01970389639,0.01970389639
6.840000,0.01981584487,0.01981584487
6.845000,0.01992718514,0.01992718514
6.850000,0.02003787657,0.02003787657
6.855000,0.02014788252,0.02014788252
6.860000,0.02025726203,0.02025726203
6.865000,0.02036538383,0.02036538383
6.870000,0.02047051701,0.02047051701
6.875000,0.02057112435,0.02057112435
6.880000,0.02066590811,0.02066590811
6.885000,0.02075387462,0.02075387462
6.890000,0.02083422636,0.02083422636
6.895000,0.02090623194,0.02090623194
6.900000,0.02096943031,0.02096943031
6.905000,0.02102350839,0.02102350839
6.910000,0.02106814226,0.02106814226
6.915000,0.02110329765,0.02110329765
6.920000,0.0211289137,0.0211289137
6.925000,0.02114505202,0.02114505202
6.930000,0.0211517836,0.0211517836
6.935000,0.02114941618,0.02114941618
6.940000,0.0211381502,0.0211381502
6.945000,0.02111829024,0.02111829024
6.950000,0.02109018011,0.02109018011
6.955000,0.02105419665,0.02105419665
6.960000,0.02101068219,0.02101068219
6.965000,0.02096011218,0.02096011218
6.970000,0.02084424304,0.02084424304
6.975000,0.0207118456,0.0207118456
6.980000,0.02063770703,0.02063770703
6.985000,0.02048647912,0.02048647912
6.990000,0.02032075091,0.02032075091
6.995000,0.0201415023,0.0201415023
7.000000,0.01994980112,0.01994980112
7.005000,0.01974668611,0.01974668611
7.010000,0.01953316128,0.01953316128
7.015000,0.01931019425,0.01931019425
7.020000,0.01907871654,0.01907871654
7.025000,0.0188396248,0.0188396248
7.030000,0.01859378239,0.01859378239
7.035000,0.01834202083,0.01834202083
7.040000,0.01808514333,0.01808514333
7.045000,0.01782393491,0.01782393491
7.050000,0.01755912646,0.01755912646
7.055000,0.01729141865,0.01729141865
7.060000,0.01702157541,0.01702157541
7.065000,0.01675018992,0.01675018992
7.070000,0.01647789649,0.01647789649
7.075000,0.01620530173,0.01620530173
7.080000,0.01593298564,0.01593298564
7.085000,0.01566150171,0.01566150171
7.090000,0.01539132231,0.01539132231
7.095000,0.01512301084,0.01512301084
7.100000,0.01485704178,0.01485704178
7.105000,0.01459391746,0.01459391746
7.110000,0.01433399689,0.01433399689
7.115000,0.01407763524,0.01407763524
7.120000,0.01382524581,0.01382524581
7.125000,0.0135772211,0.0135772211
7.130000,0.01333390336,0.01333390336
7.135000,0.01309547911,0.01309547911
7.140000,0.01286237946,0.01286237946
7.145000,0.01263471968,0.01263471968
7.150000,0.01241279595,0.01241279595
7.155000,0.01219689263,0.01219689263
7.160000,0.01198714842,0.01198714842
7.165000,0.01178374036,0.01178374036
7.170000,0.01158682581,0.01158682581
7.175000,0.01139647814,0.01139647814
7.180000,0.0112128782,0.0112128782
7.185000,0.01103613001,0.01103613001
7.190000,0.01086632213,0.01086632213
7.195000,0.0107035276,0.0107035276
7.200000,0.01054780466,0.01054780466
7.205000,0.01039919736,0.01039919736
7.210000,0.01025779601,0.01025779601
7.215000,0.0101235617,0.0101235617
7.220000,0.00999650055,0.00999650055
7.225000,0.00987660646,0.00987660646
7.230000,0.009763862436,0.009763862436
7.235000,0.009658241199,0.009658241199
7.240000,0.009559705789,0.009559705789
7.245000,0.009468210149,0.009468210149
7.250000,0.009383699131,0.009383699131
7.255000,0.009306109931,0.009306109931
7.260000,0.00923538498,0.00923538498
7.265000,0.009171434439,0.009171434439
7.270000,0.009114175076,0.009114175076
7.275000,0.009063517732,0.009063517732
7.280000,0.009021597475,0.009021597475
7.285000,0.009008415324,0.009008415324
7.290000,0.008998135102,0.008998135102
7.295000,0.008991112951,0.008991112951
7.300000,0.008987349771,0.008987349771
7.305000,0.008987634462,0.008987634462
7.310000,0.008994261277,0.008994261277
7.315000,0.009006064654,0.009006064654
7.320000,0.009022940266,0.009022940266
7.325000,0.009044778984,0.009044778984
7.330000,0.009071469668,0.009071469668
7.335000,0.009102899466,0.009102899466
7.340000,0.009138954087,0.009138954087
7.345000,0.009179518064,0.009179518064
7.350000,0.009224474998,0.009224474998
7.355000,0.009273707797,0.009273707797
7.360000,0.009327098894,0.009327098894
7.365000,0.009384530456,0.009384530456
7.370000,0.009445884581,0.009445884581
7.375000,0.009511043452,0.009511043452
7.380000,0.009579889582,0.009579889582
7.385000,0.009652305946,0.009652305946
7.390000,0.009728176126,0.009728176126
7.395000,0.009807384516,0.009807384516
7.400000,0.009889816337,0.009889816337
7.405000,0.009975357815,0.009975357815
7.410000,0.01006389629,0.01006389629
7.415000,0.01015532031,0.01015532031
7.420000,0.01024951977,0.01024951977
7.425000,0.01034638595,0.01034638595
7.430000,0.01044581164,0.01044581164
7.435000,0.01054769119,0.01054769119
7.440000,0.0106519206,0.0106519206
7.445000,0.01075976316,0.01075976316
7.450000,0.01086777653,0.01086777653
7.455000,0.01097551127,0.01097551127
7.460000,0.01108311487,0.01108311487
7.465000,0.01119065157,0.01119065157
7.470000,0.0112982028,0.0112982028
7.475000,0.01140583913,0.01140583913
7.480000,0.01151363526,0.01151363526
7.485000,0.01162164633,0.01162164633
7.490000,0.01173000845,0.01173000845
7.495000,0.0118391085,0.0118391085
7.500000,0.01195057918,0.01195057918
7.505000,0.01206367226,0.01206367226
7.510000,0.0121783118,0.0121783118
7.515000,0.01229440053,0.01229440053
7.520000,0.0124118566,0.0124118566
7.525000,0.01253059161,0.01253059161
7.530000,0.01265051922,0.01265051922
7.535000,0.01277156533,0.01277156533
7.540000,0.01289364819,0.01289364819
7.545000,0.01301668869,0.01301668869
7.550000,0.01314061942,0.01314061942
7.555000,0.01326536547,0.01326536547
7.560000,0.01339085474,0.01339085474
7.565000,0.01351702611,0.01351702611
7.570000,0.01364381148,0.01364381148
7.575000,0.01377114791,0.01377114791
7.580000,0.01389897472,0.01389897472
7.585000,0.01402723038,0.01402723038
7.590000,0.01415586444,0.01415586444
7.595000,0.01428480155,0.01428480155
7.600000,0.01441618271,0.01441618271
7.605000,0.01454753943,0.01454753943
7.610000,0.01468146227,0.01468146227
7.615000,0.01481059816,0.01481059816
7.620000,0.01493809378,0.01493809378
7.625000,0.01506821749,0.01506821749
7.630000,0.01519828426,0.01519828426
7.635000,0.01532824811,0.01532824811
7.640000,0.01545807623,0.01545807623
7.645000,0.01558773973,0.01558773973
7.650000,0.01571580582,0.01571580582
7.655000,0.01584376582,0.01584376582
7.660000,0.01597160041,0.01597160041
7.665000,0.0160992749,0.0160992749
7.670000,0.0162267564,0.0162267564
7.675000,0.01635401243,0.01635401243
7.680000,0.01648101698,0.01648101698
7.685000,0.01660773785,0.01660773785
7.690000,0.01673415409,0.01673415409
7.695000,0.01686023599,0.01686023599
7.700000,0.01698596471,0.01698596471
7.705000,0.01711131586,0.01711131586
7.710000,0.01723626735,0.01723626735
7.715000,0.01736079992,0.01736079992
7.720000,0.01748489956,0.01748489956
7.725000,0.01760854363,0.01760854363
7.730000,0.01773172053,0.01773172053
7.735000,0.01785388625,0.01785388625
7.740000,0.01797677906,0.01797677906
7.745000,0.01810303359,0.01810303359
7.750000,0.0182247879,0.0182247879
7.755000,0.0183498597,0.0183498597
7.760000,0.01847042074,0.01847042074
7.765000,0.01859427833,0.01859427833
7.770000,0.01871362419,0.01871362419
7.775000,0.01883624658,0.01883624658
7.780000,0.01895436034,0.01895436034
7.785000,0.01907573233,0.01907573233
7.790000,0.01919260413,0.01919260413
7.795000,0.01931271377,0.01931271377
7.800000,0.0194293901,0.0194293901
7.805000,0.01955368854,0.01955368854
7.810000,0.01967210124,0.01967210124
7.815000,0.01979489338,0.01979489338
7.820000,0.01991174568,0.01991174568
7.825000,0.02004121388,0.02004121388
7.830000,0.02015717318,0.02015717318
7.835000,0.02028540757,0.02028540757
7.840000,0.02040044827,0.02040044827
7.845000,0.02052720112,0.02052720112
7.850000,0.02063938414,0.02063938414
7.855000,0.02075949003,0.02075949003
7.860000,0.02086299283,0.02086299283
7.865000,0.02097164449,0.02097164449
7.870000,0.02106275701,0.02106275701
7.875000,0.02115712479,0.02115712479
7.880000,0.02123418711,0.02123418711
7.885000,0.02131292756,0.02131292756
7.890000,0.02137375041,0.02137375041
7.895000,0.0214357384,0.0214357384
7.900000,0.02147922767,0.02147922767
7.905000,0.02152429376,0.02152429376
7.910000,0.0215510544,0.0215510544
7.915000,0.02158886553,0.02158886553
7.920000,0.02160133906,0.02160133906
7.925000,0.02162349065,0.02162349065
7.930000,0.0216212204,0.0216212204
7.935000,0.02162901036,0.02162901036
7.940000,0.02161360831,0.02161360831
7.945000,0.02160852395,0.02160852395
7.950000,0.02148990179,0.02148990179
7.955000,0.02135470413,0.02135470413
7.960000,0.02131479069,0.02131479069
7.965000,0.02116761778,0.02116761778
7.970000,0.02101312135,0.02101312135
7.975000,0.02084250507,0.02084250507
7.980000,0.02065972925,0.02065972925
7.985000,0.02046578308,0.02046578308
7.990000,0.02026167011,0.02026167011
7.995000,0.02004832022,0.02004832022
8.000000,0.01983685184,0.01983685184
8.005000,0.01960663896,0.01960663896
8.010000,0.01937000036,0.01937000036
8.015000,0.01912762764,0.01912762764
8.020000,0.01888030988,0.01888030988
8.025000,0.0186288074,0.0186288074
8.030000,0.01837385307,0.01837385307
8.035000,0.01811615231,0.01811615231
8.040000,0.01785642531,0.01785642531
8.045000,0.01759526202,0.01759526202
8.050000,0.01735687295,0.01735687295
8.055000,0.01709271193,0.01709271193
8.060000,0.01682926327,0.01682926327
8.065000,0.01656679,0.01656679
8.070000,0.01630581453,0.01630581453
8.075000,0.01604683173,0.01604683173
8.080000,0.01579030489,0.01579030489
8.085000,0.0155366802,0.0155366802
8.090000,0.01528637297,0.01528637297
8.095000,0.01503978375,0.01503978375
8.100000,0.01479727768,0.01479727768
8.105000,0.0145592121,0.0145592121
8.110000,0.01432592553,0.01432592553
8.115000,0.01409771419,0.01409771419
8.120000,0.01387474628,0.01387474628
8.125000,0.01370767983,0.01370767983
8.130000,0.01355463259,0.01355463259
8.135000,0.0134063126,0.0134063126
8.140000,0.01326507197,0.01326507197
8.145000,0.01312723307,0.01312723307
8.150000,0.0129929985,0.0129929985
8.155000,0.01286253315,0.01286253315
8.160000,0.01273600076,0.01273600076
8.165000,0.01261351581,0.01261351581
8.170000,0.01249520824,0.01249520824
8.175000,0.01235651689,0.01235651689
8.180000,0.01215624522,0.01215624522
8.185000,0.01196510939,0.01196510939
8.190000,0.01183928434,0.01183928434
8.195000,0.01166309185,0.01166309185
8.200000,0.01155701499,0.01155701499
8.205000,0.01139561851,0.01139561851
8.210000,0.01130932092,0.01130932092
8.215000,0.01123089394,0.01123089394
8.220000,0.01115986891,0.01115986891
8.225000,0.01109617724,0.01109617724
8.230000,0.01103973934,0.01103973934
8.235000,0.01099046956,0.01099046956
8.240000,0.01094827228,0.01094827228
8.245000,0.01091304851,0.01091304851
8.250000,0.01088469469,0.01088469469
8.255000,0.01086310073,0.01086310073
8.260000,0.01084814355,0.01084814355
8.265000,0.01083970459,0.01083970459
8.270000,0.01083766175,0.01083766175
8.275000,0.0108418777,0.0108418777
8.280000,0.01085222199,0.01085222199
8.285000,0.01086855779,0.01086855779
8.290000,0.0108907468,0.0108907468
8.295000,0.0109186554,0.0109186554
8.300000,0.01095208577,0.01095208577
8.305000,0.01099089815,0.01099089815
8.310000,0.01103493192,0.01103493192
8.315000,0.01108403506,0.01108403506
8.320000,0.01113804086,0.01113804086
8.325000,0.01119679218,0.01119679218
8.330000,0.01126013413,0.01126013413
8.335000,0.01132789881,0.01132789881
8.340000,0.01139993424,0.01139993424
8.345000,0.01147608874,0.01147608874
8.350000,0.01155619226,0.01155619226
8.355000,0.0116400941,0.0116400941
8.360000,0.01172764603,0.01172764603
8.365000,0.01181869656,0.01181869656
8.370000,0.01191308488,0.01191308488
8.375000,0.01201356363,0.01201356363
8.380000,0.01212870256,0.01212870256
8.385000,0.01222699975,0.01222699975
8.390000,0.0123113029,0.0123113029
8.395000,0.01238384595,0.01238384595
8.400000,0.01244655443,0.01244655443
8.405000,0.01250106355,0.01250106355
8.410000,0.01254878137,0.01254878137
8.415000,0.012599019,0.012599019
8.420000,0.01265537311,0.01265537311
8.425000,0.0127163068,0.0127163068
8.430000,0.0127816174,0.0127816174
8.435000,0.01285138918,0.01285138918
8.440000,0.01292762445,0.01292762445
8.445000,0.01300716256,0.01300716256
8.450000,0.01308986094,0.01308986094
8.455000,0.01317557076,0.01317557076
8.460000,0.01326412779,0.01326412779
8.465000,0.01335539161,0.01335539161
8.470000,0.01344921675,0.01344921675
8.475000,0.01349588312,0.01349588312
8.480000,0.01355243256,0.01355243256
8.485000,0.01361397231,0.01361397231
8.490000,0.01368031106,0.01368031106
8.495000,0.01375120514,0.01375120514
8.500000,0.01382646518,0.01382646518
8.505000,0.01390589204,0.01390589204
8.510000,0.01398929046,0.01398929046
8.515000,0.01407647086,0.01407647086
8.520000,0.01416724861,0.01416724861
8.525000,0.0142614444,0.0142614444
8.530000,0.0143588836,0.0143588836
8.535000,0.01445939643,0.01445939643
8.540000,0.01456281819,0.01456281819
8.545000,0.01466898913,0.01466898913
8.550000,0.01477775348,0.01477775348
8.555000,0.01488895997,0.01488895997
8.560000,0.01500246202,0.01500246202
8.565000,0.01511811711,0.01511811711
8.570000,0.01523578767,0.01523578767
8.575000,0.01535535939,0.01535535939
8.580000,0.01535993878,0.01535993878
8.585000,0.01548945547,0.01548945547
8.590000,0.0154998926,0.0154998926
8.595000,0.01564392057,0.01564392057
8.600000,0.01578240851,0.01578240851
8.605000,0.01592064389,0.01592064389
8.610000,0.01606201826,0.01606201826
8.615000,0.01607440866,0.01607440866
8.620000,0.01622432971,0.01622432971
8.625000,0.01624146559,0.01624146559
8.630000,0.01639973178,0.01639973178
8.635000,0.01642100917,0.01642100917
8.640000,0.01658689631,0.01658689631
8.645000,0.01675288364,0.01675288364
8.650000,0.01692671412,0.01692671412
8.655000,0.01694632483,0.01694632483
8.660000,0.01697776478,0.01697776478
8.665000,0.01701420138,0.01701420138
8.670000,0.0173017146,0.0173017146
8.675000,0.01767130901,0.01767130901
8.680000,0.01803126411,0.01803126411
8.685000,0.01838143429,0.01838143429
8.690000,0.01872085544,0.01872085544
8.695000,0.01904973259,0.01904973259
8.700000,0.01936836181,0.01936836181
8.705000,0.01967702407,0.01967702407
8.710000,0.01997601815,0.01997601815
8.715000,0.02026560936,0.02026560936
8.720000,0.02054606333,0.02054606333
8.725000,0.02081764973,0.02081764973
8.730000,0.02108060393,0.02108060393
8.735000,0.02133519193,0.02133519193
8.740000,0.0215066202,0.0215066202
8.745000,0.02160678672,0.02160678672
8.750000,0.0216980803,0.0216980803
8.755000,0.02180906621,0.02180906621
8.760000,0.02192847821,0.02192847821
8.765000,0.02204222614,0.02204222614
8.770000,0.02214572434,0.02214572434
8.775000,0.02204600356,0.02204600356
8.780000,0.02195510864,0.02195510864
8.785000,0.02187263743,0.02187263743
8.790000,0.02179831435,0.02179831435
8.795000,0.02173187128,0.02173187128
8.800000,0.02167305381,0.02167305381
8.805000,0.02162160823,0.02162160823
8.810000,0.02157729129,0.02157729129
8.815000,0.021539871,0.021539871
8.820000,0.02150911469,0.02150911469
8.825000,0.02149518029,0.02149518029
8.830000,0.02149614647,0.02149614647
8.835000,0.02151032703,0.02151032703
8.840000,0.02153624627,0.02153624627
8.845000,0.02157263338,0.02157263338
8.850000,0.02161838719,0.02161838719
8.855000,0.02167256894,0.02167256894
8.860000,0.02173437859,0.02173437859
8.865000,0.02180314684,0.02180314684
8.870000,0.0218783149,0.0218783149
8.875000,0.02195942903,0.02195942903
8.880000,0.02204612536,0.02204612536
8.885000,0.02213811422,0.02213811422
8.890000,0.02223518643,0.02223518643
8.895000,0.02236457615,0.02236457615
8.900000,0.02252845616,0.02252845616
8.905000,0.02270000799,0.02270000799
8.910000,0.02287917026,0.02287917026
8.915000,0.02306588808,0.02306588808
8.920000,0.02326020544,0.02326020544
8.925000,0.02346214602,0.02346214602
8.930000,0.023340757,0.023340757
8.935000,0.02321280968,0.02321280968
8.940000,0.02345506565,0.02345506565
8.945000,0.02331318344,0.02331318344
8.950000,0.02316558305,0.02316558305
8.955000,0.02318778315,0.02318778315
8.960000,0.02332561528,0.02332561528
8.965000,0.02340306489,0.02340306489
8.970000,0.02345479223,0.02345479223
8.975000,0.02346984688,0.02346984688
8.980000,0.02344684419,0.02344684419
8.985000,0.02341582433,0.02341582433
8.990000,0.02352418739,0.02352418739
8.995000,0.0237080286,0.0237080286
9.000000,0.02387663138,0.02387663138
9.005000,0.02403083892,0.02403083892
9.010000,0.02417129093,0.02417129093
9.015000,0.02429859047,0.02429859047
9.020000,0.02441336312,0.02441336312
9.025000,0.0245159015,0.0245159015
9.030000,0.02414903774,0.02414903774
9.035000,0.0237985224,0.0237985224
9.040000,0.02346127052,0.02346127052
9.045000,0.02314909661,0.02314909661
9.050000,0.02287223,0.02287223
9.055000,0.02260214572,0.02260214572
9.060000,0.02233857463,0.02233857463
9.065000,0.02208162402,0.02208162402
9.070000,0.02183139306,0.02183139306
9.075000,0.02162052814,0.02162052814
9.080000,0.02141962014,0.02141962014
9.085000,0.02122431244,0.02122431244
9.090000,0.02103432842,0.02103432842
9.095000,0.02084944967,0.02084944967
9.100000,0.02070352487,0.02070352487
9.105000,0.02065053757,0.02065053757
9.110000,0.02203561653,0.02203561653
9.115000,0.02302273674,0.02302273674
9.120000,0.02372023439,0.02372023439
9.125000,0.02352108882,0.02352108882
9.130000,0.02332941461,0.02332941461
9.135000,0.02314277239,0.02314277239
9.140000,0.02296115382,0.02296115382
9.145000,0.02278463642,0.02278463642
9.150000,0.02261327153,0.02261327153
9.155000,0.02244708696,0.02244708696
9.160000,0.02228611033,0.02228611033
9.165000,0.02213035441,0.02213035441
9.170000,0.02197984655,0.02197984655
9.175000,0.02183458476,0.02183458476
9.180000,0.02169457017,0.02169457017
9.185000,0.02155980003,0.02155980003
9.190000,0.02143024351,0.02143024351
9.195000,0.02130590368,0.02130590368
9.200000,0.0211867303,0.0211867303
9.205000,0.02107270143,0.02107270143
9.210000,0.02096380469,0.02096380469
9.215000,0.02085997469,0.02085997469
9.220000,0.02076117748,0.02076117748
9.225000,0.02066736397,0.02066736397
9.230000,0.02057847447,0.02057847447
9.235000,0.02049448249,0.02049448249
9.240000,0.02041256057,0.02041256057
9.245000,0.02026856147,0.02026856147
9.250000,0.02013123322,0.02013123322
9.255000,0.02000024838,0.02000024838
9.260000,0.01981564,0.01981564
9.265000,0.01958112627,0.01958112627
9.270000,0.01936908272,0.01936908272
9.275000,0.0191651498,0.0191651498
9.280000,0.01896915982,0.01896915982
9.285000,0.01878102393,0.01878102393
9.290000,0.01860057255,0.01860057255
9.295000,0.01842765425,0.01842765425
9.300000,0.01826211745,0.01826211745
9.305000,0.01810381155,0.01810381155
9.310000,0.01795258674,0.01795258674
9.315000,0.01780829454,0.01780829454
9.320000,0.0176707873,0.0176707873
9.325000,0.01753991848,0.01753991848
9.330000,0.01741554301,0.01741554301
9.335000,0.01729751642,0.01729751642
9.340000,0.01718569645,0.01718569645
9.345000,0.01707994128,0.01707994128
9.350000,0.01698011133,0.01698011133
9.355000,0.01688606787,0.01688606787
9.360000,0.01679767414,0.01679767414
9.365000,0.01671479471,0.01671479471
9.370000,0.01663729588,0.01663729588
9.375000,0.01656504551,0.01656504551
9.380000,0.01649791289,0.01649791289
9.385000,0.0164357693,0.0164357693
9.390000,0.01637848742,0.01637848742
9.395000,0.01632594192,0.01632594192
9.400000,0.01627800923,0.01627800923
9.405000,0.01623456771,0.01623456771
9.410000,0.01619549716,0.01619549716
9.415000,0.01616062702,0.01616062702
9.420000,0.01612988314,0.01612988314
9.425000,0.01610316216,0.01610316216
9.430000,0.01609832605,0.01609832605
9.435000,0.01603817596,0.01603817596
9.440000,0.01598631991,0.01598631991
9.445000,0.01593140208,0.01593140208
9.450000,0.01590336854,0.01590336854
9.455000,0.01591382965,0.01591382965
9.460000,0.0159337163,0.0159337163
9.465000,0.01598282597,0.01598282597
9.470000,0.01600081639,0.01600081639
9.475000,0.01596498599,0.01596498599
9.480000,0.01589064671,0.01589064671
9.485000,0.01577704761,0.01577704761
9.490000,0.01564714908,0.01564714908
9.495000,0.01552878258,0.01552878258
9.500000,0.01541962448,0.01541962448
9.505000,0.01531950613,0.01531950613
9.510000,0.01522815547,0.01522815547
9.515000,0.01514531018,0.01514531018
9.520000,0.01523545488,0.01523545488
9.525000,0.0153440104,0.0153440104
9.530000,0.01545620187,0.01545620187
9.535000,0.01557195198,0.01557195198
9.540000,0.01569105995,0.01569105995
9.545000,0.01581346186,0.01581346186
9.550000,0.01593901155,0.01593901155
9.555000,0.01606768677,0.01606768677
9.560000,0.0161993718,0.0161993718
9.565000,0.01633384818,0.01633384818
9.570000,0.01634105126,0.01634105126
9.575000,0.01625916705,0.01625916705
9.580000,0.01618589433,0.01618589433
9.585000,0.01612093494,0.01612093494
9.590000,0.01606402878,0.01606402878
9.595000,0.01601492452,0.01601492452
9.600000,0.01597337443,0.01597337443
9.605000,0.01593913574,0.01593913574
9.610000,0.01591196385,0.01591196385
9.615000,0.01589174141,0.01589174141
9.620000,0.01587814424,0.01587814424
9.625000,0.01587381131,0.01587381131
9.630000,0.01587326922,0.01587326922
9.635000,0.0158757622,0.0158757622
9.640000,0.01588832127,0.01588832127
9.645000,0.01590731306,0.01590731306
9.650000,0.01593251086,0.01593251086
9.655000,0.01596369469,0.01596369469
9.660000,0.01600057974,0.01600057974
9.665000,0.01604304768,0.01604304768
9.670000,0.01612925774,0.01612925774
9.675000,0.01619083136,0.01619083136
9.680000,0.01626014626,0.01626014626
9.685000,0.01633784401,0.01633784401
9.690000,0.01640384127,0.01640384127
9.695000,0.01647435681,0.01647435681
9.700000,0.01654920743,0.01654920743
9.705000,0.01662823247,0.01662823247
9.710000,0.0167160825,0.0167160825
9.715000,0.01684364116,0.01684364116
9.720000,0.01724582649,0.01724582649
9.725000,0.01766652971,0.01766652971
9.730000,0.01797670671,0.01797670671
9.735000,0.01823549524,0.01823549524
9.740000,0.0184097966,0.0184097966
9.745000,0.01858246423,0.01858246423
9.750000,0.01890352317,0.01890352317
9.755000,0.02058923634,0.02058923634
9.760000,0.02134737265,0.02134737265
9.765000,0.0216431569,0.0216431569
9.770000,0.02194461654,0.02194461654
9.775000,0.0222407066,0.0222407066
9.780000,0.02253147243,0.02253147243
9.785000,0.02281694613,0.02281694613
9.790000,0.02309719798,0.02309719798
9.795000,0.02337226196,0.02337226196
9.800000,0.02364221359,0.02364221359
9.805000,0.02389685607,0.02389685607
9.810000,0.02646715148,0.02646715148
9.815000,0.02665532961,0.02665532961
9.820000,0.02689830055,0.02689830055
9.825000,0.0271553142,0.0271553142
9.830000,0.02742508093,0.02742508093
9.835000,0.02770680337,0.02770680337
9.840000,0.02799977457,0.02799977457
9.845000,0.02813948191,0.02813948191
9.850000,0.02825376301,0.02825376301
9.855000,0.02838872985,0.02838872985
9.860000,0.02854307826,0.02854307826
9.865000,0.02871612438,0.02871612438
9.870000,0.02890721178,0.02890721178
9.875000,0.02911567297,0.02911567297
9.880000,0.02934086577,0.02934086577
9.885000,0.02958244382,0.02958244382
9.890000,0.02983975313,0.02983975313
9.895000,0.03011255638,0.03011255638
9.900000,0.03040024522,0.03040024522
9.905000,0.03070244915,0.03070244915
9.910000,0.03045431838,0.03045431838
9.915000,0.03022631188,0.03022631188
9.920000,0.03060550923,0.03060550923
9.925000,0.03033575038,0.03033575038
9.930000,0.03006730782,0.03006730782
9.935000,0.02980164374,0.02980164374
9.940000,0.02953859439,0.02953859439
9.945000,0.02927803881,0.02927803881
9.950000,0.02901989549,0.02901989549
9.955000,0.02912166233,0.02912166233
9.960000,0.02894685824,0.02894685824
9.965000,0.02896905558,0.02896905558
9.970000,0.03210262653,0.03210262653
9.975000,0.03368850412,0.03368850412
9.980000,0.03371315024,0.03371315024
9.985000,0.03375868938,0.03375868938
9.990000,0.03380544332,0.03380544332
9.995000,0.03361146143,0.03361146143
10.000000,0.03313045563,0.03313045563
10.005000,0.03265309421,0.03265309421
10.010000,0.03217995939,0.03217995939
10.015000,0.03171094666,0.03171094666
10.020000,0.03124606585,0.03124606585
10.025000,0.03078562322,0.03078562322
10.030000,0.03032950533,0.03032950533
10.035000,0.02987788093,0.02987788093
10.040000,0.02943084389,0.02943084389
10.045000,0.0289884655,0.0289884655
10.050000,0.02855079322,0.02855079322
10.055000,0.02811802965,0.02811802965
10.060000,0.02768331194,0.02768331194
10.065000,0.02729639221,0.02729639221
10.070000,0.02692255911,0.02692255911
10.075000,0.02655621865,0.02655621865
10.080000,0.02619835589,0.02619835589
10.085000,0.02584790855,0.02584790855
10.090000,0.02550611984,0.02550611984
10.095000,0.02518275355,0.02518275355
10.100000,0.02486668567,0.02486668567
10.105000,0.02455775897,0.02455775897
10.110000,0.02425589483,0.02425589483
10.115000,0.02394863483,0.02394863483
10.120000,0.02365941741,0.02365941741
10.125000,0.02350444613,0.02350444613
10.130000,0.02335093784,0.02335093784
10.135000,0.02319828167,0.02319828167
10.140000,0.02304653952,0.02304653952
10.145000,0.02291306717,0.02291306717
10.150000,0.02275097712,0.02275097712
10.155000,0.02255330749,0.02255330749
10.160000,0.02234588889,0.02234588889
10.165000,0.02212316323,0.02212316323
10.170000,0.02193219269,0.02193219269
10.175000,0.02178582744,0.02178582744
10.180000,0.02162391955,0.02162391955
10.185000,0.02146454323,0.02146454323
10.190000,0.02140572325,0.02140572325
10.195000,0.02143948075,0.02143948075
10.200000,0.02148023696,0.02148023696
10.205000,0.02120839742,0.02120839742
10.210000,0.0209738398,0.0209738398
10.215000,0.02074706059,0.02074706059
10.220000,0.02052591587,0.02052591587
10.225000,0.02031014668,0.02031014668
10.230000,0.02009961854,0.02009961854
10.235000,0.01989431636,0.01989431636
10.240000,0.01969410808,0.01969410808
10.245000,0.01949891305,0.01949891305
10.250000,0.01930865079,0.01930865079
10.255000,0.01912324077,0.01912324077
10.260000,0.01894260251,0.01894260251
10.265000,0.01876665562,0.01876665562
10.270000,0.01859531958,0.01859531958
10.275000,0.01929848959,0.01929848959
10.280000,0.01998374537,0.01998374537
10.285000,0.02061703547,0.02061703547
10.290000,0.02119997408,0.02119997408
10.295000,0.02173433591,0.02173433591
10.300000,0.02222173245,0.02222173245
10.305000,0.02266361156,0.02266361156
10.310000,0.02306125728,0.02306125728
10.315000,0.02341577844,0.02341577844
10.320000,0.02372809922,0.02372809922
10.325000,0.0239989461,0.0239989461
10.330000,0.02421259921,0.02421259921
10.335000,0.02432886946,0.02432886946
10.340000,0.02438239772,0.02438239772
10.345000,0.02440679572,0.02440679572
10.350000,0.02440238605,0.02440238605
10.355000,0.02441495916,0.02441495916
10.360000,0.02442412854,0.02442412854
10.365000,0.02443653285,0.02443653285
10.370000,0.02445206476,0.02445206476
10.375000,0.02447067578,0.02447067578
10.380000,0.02449230551,0.02449230551
10.385000,0.02451685882,0.02451685882
10.390000,0.02454426601,0.02454426601
10.395000,0.02457498201,0.02457498201
10.400000,0.02460888758,0.02460888758
10.405000,0.02474181797,0.02474181797
10.410000,0.02467555127,0.02467555127
10.415000,0.02456657672,0.02456657672
10.420000,0.02446073375,0.02446073375
10.425000,0.02436172182,0.02436172182
10.430000,0.02426932065,0.02426932065
10.435000,0.02418328279,0.02418328279
10.440000,0.02410337971,0.02410337971
10.445000,0.02402938446,0.02402938446
10.450000,0.02396108199,0.02396108199
10.455000,0.02389826066,0.02389826066
10.460000,0.02384071001,0.02384071001
10.465000,0.02378823828,0.02378823828
10.470000,0.023740656,0.023740656
10.475000,0.02369776337,0.02369776337
10.480000,0.02365939309,0.02365939309
10.485000,0.02362536072,0.02362536072
10.490000,0.0235954966,0.0235954966
10.495000,0.02356962631,0.02356962631
10.500000,0.02354759878,0.02354759878
10.505000,0.02352926632,0.02352926632
10.510000,0.0235144641,0.0235144641
10.515000,0.02350306155,0.02350306155
10.520000,0.02349490545,0.02349490545
10.525000,0.02348985926,0.02348985926
10.530000,0.02348780143,0.02348780143
10.535000,0.02433563648,0.02433563648
10.540000,0.02247409309,0.02247409309
10.545000,0.02066966972,0.02066966972
10.550000,0.01892535946,0.01892535946
10.555000,0.01802153439,0.01802153439
10.560000,0.01755535304,0.01755535304
10.565000,0.01710730673,0.01710730673
10.570000,0.01667553934,0.01667553934
10.575000,0.01625961444,0.01625961444
10.580000,0.0158591084,0.0158591084
10.585000,0.01547360872,0.01547360872
10.590000,0.01510271189,0.01510271189
10.595000,0.01474602537,0.01474602537
10.600000,0.01440316468,0.01440316468
10.605000,0.01407375607,0.01407375607
10.610000,0.01375743487,0.01375743487
10.615000,0.01345381733,0.01345381733
10.620000,0.01316261106,0.01316261106
10.625000,0.01288345101,0.01288345101
10.630000,0.01261600838,0.01261600838
10.635000,0.01235995992,0.01235995992
10.640000,0.01211501992,0.01211501992
10.645000,0.01188085911,0.01188085911
10.650000,0.01165716663,0.01165716663
10.655000,0.01144364977,0.01144364977
10.660000,0.01124004131,0.01124004131
10.665000,0.0110460554,0.0110460554
10.670000,0.01086148986,0.01086148986
10.675000,0.01068601798,0.01068601798
10.680000,0.01051939743,0.01051939743
10.685000,0.0103613549,0.0103613549
10.690000,0.01021167856,0.01021167856
10.695000,0.0100701346,0.0100701346
10.700000,0.009936494829,0.009936494829
10.705000,0.00981053716,0.00981053716
10.710000,0.009692045891,0.009692045891
10.715000,0.00958081066,0.00958081066
10.720000,0.009476626523,0.009476626523
10.725000,0.009379294551,0.009379294551
10.730000,0.009288620276,0.009288620276
10.735000,0.009204419771,0.009204419771
10.740000,0.00912650652,0.00912650652
10.745000,0.009054699726,0.009054699726
10.750000,0.008988829485,0.008988829485
10.755000,0.008928719847,0.008928719847
10.760000,0.009206879243,0.009206879243
10.765000,0.00953050252,0.00953050252
10.770000,0.009852389719,0.009852389719
10.775000,0.01017235722,0.01017235722
10.780000,0.01049045373,0.01049045373
10.785000,0.01083292244,0.01083292244
10.790000,0.01119817286,0.01119817286
10.795000,0.01158468978,0.01158468978
10.800000,0.01199105038,0.01199105038
10.805000,0.01241591885,0.01241591885
10.810000,0.01285809033,0.01285809033
10.815000,0.01331640213,0.01331640213
10.820000,0.0137898357,0.0137898357
10.825000,0.014277338,0.014277338
10.830000,0.01477801027,0.01477801027
10.835000,0.01529098559,0.01529098559
10.840000,0.01581546427,0.01581546427
10.845000,0.01635069537,0.01635069537
10.850000,0.01689596758,0.01689596758
10.855000,0.01745061471,0.01745061471
10.860000,0.01801403167,0.01801403167
10.865000,0.01664654053,0.01664654053
10.870000,0.01803750251,0.01803750251
10.875000,0.01941971263,0.01941971263
10.880000,0.02081732144,0.02081732144
10.885000,0.02223716126,0.02223716126
10.890000,0.02334596556,0.02334596556
10.895000,0.02445098297,0.02445098297
10.900000,0.02585437441,0.02585437441
10.905000,0.02692229192,0.02692229192
10.910000,0.02799038701,0.02799038701
10.915000,0.0290570647,0.0290570647
10.920000,0.0301218351,0.0301218351
10.925000,0.03118403285,0.03118403285
10.930000,0.03224290906,0.03224290906
10.935000,0.03329765112,0.03329765112
10.940000,0.03434743175,0.03434743175
10.945000,0.03539165768,0.03539165768
10.950000,0.03649126465,0.03649126465
10.955000,0.03744779161,0.03744779161
10.960000,0.0384840993,0.0384840993
10.965000,0.03522022479,0.03522022479
10.970000,0.03352770773,0.03352770773
10.975000,0.03363506009,0.03363506009
10.980000,0.03247484881,0.03247484881
10.985000,0.0309999706,0.0309999706
10.990000,0.02945752216,0.02945752216
10.995000,0.02836965307,0.02836965307
11.000000,0.02745888756,0.02745888756
11.005000,0.02601502698,0.02601502698
11.010000,0.02466344147,0.02466344147
11.015000,0.02473537131,0.02473537131
11.020000,0.02480593455,0.02480593455
11.025000,0.02485124596,0.02485124596
11.030000,0.02485960419,0.02485960419
11.035000,0.02434646447,0.02434646447
11.040000,0.02379463263,0.02379463263
11.045000,0.02325682795,0.02325682795
11.050000,0.02273089765,0.02273089765
11.055000,0.02221645726,0.02221645726
11.060000,0.02171314868,0.02171314868
11.065000,0.02122062053,0.02122062053
11.070000,0.02073853482,0.02073853482
11.075000,0.02026656101,0.02026656101
11.080000,0.01980437865,0.01980437865
11.085000,0.01935167572,0.01935167572
11.090000,0.01889725787,0.01889725787
11.095000,0.01814620172,0.01814620172
11.100000,0.01741474623,0.01741474623
11.105000,0.01670403126,0.01670403126
11.110000,0.01601354742,0.01601354742
11.115000,0.01534279427,0.01534279427
11.120000,0.01469128169,0.01469128169
11.125000,0.01405853009,0.01405853009
11.130000,0.01344407031,0.01344407031
11.135000,0.01284744354,0.01284744354
11.140000,0.01226820116,0.01226820116
11.145000,0.01170590468,0.01170590468
11.150000,0.01116012559,0.01116012559
11.155000,0.01063044521,0.01063044521
11.160000,0.01011645457,0.01011645457
11.165000,0.009617754224,0.009617754224
11.170000,0.009133954159,0.009133954159
11.175000,0.008664673579,0.008664673579
11.180000,0.008209540771,0.008209540771
11.185000,0.007768192935,0.007768192935
11.190000,0.007340276019,0.007340276019
11.195000,0.006925444553,0.006925444553
11.200000,0.006523361479,0.006523361479
11.205000,0.00613369799,0.00613369799
11.210000,0.005756133352,0.005756133352
11.215000,0.00545939509,0.00545939509
11.220000,0.005440927944,0.005440927944
11.225000,0.005428364176,0.005428364176
11.230000,0.005419923006,0.005419923006
11.235000,0.005415480717,0.005415480717
11.240000,0.005414921297,0.005414921297
11.245000,0.005418131169,0.005418131169
11.250000,0.006384186499,0.006384186499
11.255000,0.00875803946,0.00875803946
11.260000,0.0112614402,0.0112614402
11.265000,0.01378087434,0.01378087434
11.270000,0.01628183023,0.01628183023
11.275000,0.01875134406,0.01875134406
11.280000,0.02118141881,0.02118141881
11.285000,0.02344277621,0.02344277621
11.290000,0.02303905941,0.02303905941
11.295000,0.02362764515,0.02362764515
11.300000,0.02209008195,0.02209008195
11.305000,0.0217313036,0.0217313036
11.310000,0.02147920613,0.02147920613
11.315000,0.02132409983,0.02132409983
11.320000,0.02126530581,0.02126530581
11.325000,0.02130249315,0.02130249315
11.330000,0.0213758215,0.0213758215
11.335000,0.02198334386,0.02198334386
11.340000,0.02245105338,0.02245105338
11.345000,0.0229299375,0.0229299375
11.350000,0.02355125238,0.02355125238
11.355000,0.02416546653,0.02416546653
11.360000,0.024772276,0.024772276
11.365000,0.02537168685,0.02537168685
11.370000,0.02596364467,0.02596364467
11.375000,0.02654809471,0.02654809471
11.380000,0.02712505314,0.02712505314
11.385000,0.02769452758,0.02769452758
11.390000,0.02825642772,0.02825642772
11.395000,0.02881066534,0.02881066534
11.400000,0.02935727772,0.02935727772
11.405000,0.02989633494,0.02989633494
11.410000,0.03042781311,0.03042781311
11.415000,0.03095166189,0.03095166189
11.420000,0.03146794392,0.03146794392
11.425000,0.03197665701,0.03197665701
11.430000,0.03247779929,0.03247779929
11.435000,0.03297136988,0.03297136988
11.440000,0.03345737427,0.03345737427
11.445000,0.03393580346,0.03393580346
11.450000,0.03440661364,0.03440661364
11.455000,0.0348698634,0.0348698634
11.460000,0.03532533731,0.03532533731
11.465000,0.03577270305,0.03577270305
11.470000,0.03626357532,0.03626357532
11.475000,0.03675497216,0.03675497216
11.480000,0.03725895234,0.03725895234
11.485000,0.03772737553,0.03772737553
11.490000,0.03499904836,0.03499904836
11.495000,0.03520717952,0.03520717952
11.500000,0.03511535753,0.03511535753
11.505000,0.03437760648,0.03437760648
11.510000,0.0330661199,0.0330661199
11.515000,0.03113890227,0.03113890227
11.520000,0.02902103361,0.02902103361
11.525000,0.02686249354,0.02686249354
11.530000,0.02570558291,0.02570558291
11.535000,0.02533356395,0.02533356395
11.540000,0.0250211249,0.0250211249
11.545000,0.02460783141,0.02460783141
11.550000,0.02423014532,0.02423014532
11.555000,0.02384746389,0.02384746389
11.560000,0.02345600663,0.02345600663
11.565000,0.02305481516,0.02305481516
11.570000,0.02264379232,0.02264379232
11.575000,0.02222285866,0.02222285866
11.580000,0.02111414576,0.02111414576
11.585000,0.01960723666,0.01960723666
11.590000,0.01813999662,0.01813999662
11.595000,0.01670992316,0.01670992316
11.600000,0.01531605601,0.01531605601
11.605000,0.01395747187,0.01395747187
11.610000,0.01263327229,0.01263327229
11.615000,0.0113425825,0.0113425825
11.620000,0.01008455076,0.01008455076
11.625000,0.008858347795,0.008858347795
11.630000,0.007663166223,0.007663166223
11.635000,0.006498220051,0.006498220051
11.640000,0.005362744156,0.005362744156
11.645000,0.004255993788,0.004255993788
11.650000,0.003177244093,0.003177244093
11.655000,0.002125789659,0.002125789659
11.660000,0.001100944061,0.001100944061
11.665000,0.0001020394284,0.0001020394284
11.670000,6.282313733,-0.0008715739817
11.675000,6.281364779,-0.00182052821
11.680000,6.280439869,-0.002745438024
11.685000,6.279539288,-0.003646018973
11.690000,6.278662234,-0.004523072712
11.695000,6.277807211,-0.005378095812
11.700000,6.277023184,-0.006162123023
11.705000,6.276399826,-0.006785481183
11.710000,6.27578061,-0.007404697641
11.715000,6.275177037,-0.008008270506
11.720000,6.27458883,-0.008596477201
11.725000,6.274015594,-0.009169713208
11.730000,6.273456946,-0.009728360886
11.735000,6.272912573,-0.01027273462
11.740000,6.272382126,-0.01080318129
11.745000,6.271865329,-0.01131997783
11.750000,6.271361876,-0.01182343117
11.755000,6.270871442,-0.01231386558
11.760000,6.270555279,-0.01263002851
11.765000,6.270655963,-0.01252934456
11.770000,6.271719655,-0.01146565267
11.775000,6.272324342,-0.01086096495
11.780000,6.272747265,-0.01043804246
11.785000,6.273062768,-0.01012253935
11.790000,6.274254138,-0.008931169544
11.795000,6.274401855,-0.008783452073
11.800000,6.275520125,-0.007665182354
11.805000,6.276366294,-0.006819012986
11.810000,6.27746262,-0.005722687071
11.815000,6.278570518,-0.004614789591
11.820000,6.279773106,-0.003412201461
11.825000,6.280999615,-0.002185692643
11.830000,6.282209275,-0.0009760320664
11.835000,0.0002167903996,0.0002167903996
11.840000,0.001392813446,0.001392813446
11.845000,0.002552105166,0.002552105166
11.850000,0.003694803089,0.003694803089
11.855000,0.004821042745,0.004821042745
11.860000,0.005930852615,0.005930852615
11.865000,0.007024576423,0.007024576423
11.870000,0.007838712731,0.007838712731
11.875000,0.008642289018,0.008642289018
11.880000,0.00970069228,0.00970069228
11.885000,0.0104566557,0.0104566557
11.890000,0.01127192437,0.01127192437
11.895000,0.0123797136,0.0123797136
11.900000,0.01351038798,0.01351038798
11.905000,0.01445437424,0.01445437424
11.910000,0.01529628367,0.01529628367
11.915000,0.01605136383,0.01605136383
11.920000,0.01678258287,0.01678258287
11.925000,0.01761197334,0.01761197334
11.930000,0.01840834675,0.01840834675
11.935000,0.01918997664,0.01918997664
11.940000,0.01995884168,0.01995884168
11.945000,0.02071608711,0.02071608711
11.950000,0.02146267028,0.02146267028
11.955000,0.02219928596,0.02219928596
11.960000,0.02292181412,0.02292181412
11.965000,0.02363355785,0.02363355785
11.970000,0.02409672515,0.02409672515
11.975000,0.02402082696,0.02402082696
11.980000,0.02393439269,0.02393439269
11.985000,0.02404164124,0.02404164124
11.990000,0.02428997502,0.02428997502
11.995000,0.02442483065,0.02442483065
12.000000,0.02313057484,0.02313057484
12.005000,0.02296963607,0.02296963607
12.010000,0.02118023556,0.02118023556
12.015000,0.01901066452,0.01901066452
12.020000,0.01663186285,0.01663186285
12.025000,0.01614805069,0.01614805069
12.030000,0.015406467,0.015406467
12.035000,0.01456260174,0.01456260174
12.040000,0.01374605973,0.01374605973
12.045000,0.01294729983,0.01294729983
12.050000,0.01173731352,0.01173731352
12.055000,0.01049691174,0.01049691174
12.060000,0.009672062299,0.009672062299
12.065000,0.007948643228,0.007948643228
12.070000,0.006264317265,0.006264317265
12.075000,0.004626646158,0.004626646158
12.080000,0.003034436349,0.003034436349
12.085000,0.00148648873,0.00148648873
12.090000,6.283166927,-1.83800912e-05
12.095000,6.281703984,-0.001481322684
12.100000,6.280281859,-0.002903447978
12.105000,6.278899471,-0.004285836622
12.110000,6.27755575,-0.005629557644
12.115000,6.276249663,-0.006935643686
12.120000,6.274980214,-0.008205093439
12.125000,6.273746398,-0.009438908911
12.130000,6.272547293,-0.01063801377
12.135000,6.27138194,-0.01180336745
12.140000,6.270249456,-0.01293585153
12.145000,6.269148945,-0.01403636259
12.150000,6.268079567,-0.01510574011
12.155000,6.268340857,-0.01484444977
12.160000,6.269522747,-0.0136625597
12.165000,6.270693258,-0.01249204894
12.170000,6.272294944,-0.01089036363
12.175000,6.274135612,-0.009049695538
12.180000,6.275939561,-0.007245746453
12.185000,6.277708902,-0.005476405431
12.190000,6.279316762,-0.003868545035
12.195000,6.280887839,-0.002297468012
12.200000,6.282434552,-0.0007507553847
12.205000,0.0007720832658,0.0007720832658
12.210000,0.002271614502,0.002271614502
12.215000,0.003748334431,0.003748334431
12.220000,0.005202772965,0.005202772965
12.225000,0.006637098651,0.006637098651
12.230000,0.008100871018,0.008100871018
12.235000,0.009156544042,0.009156544042
12.240000,0.00993393132,0.00993393132
12.245000,0.01061087733,0.01061087733
12.250000,0.01161805204,0.01161805204
12.255000,0.01254208838,0.01254208838
12.260000,0.0133982992,0.0133982992
12.265000,0.0138712856,0.0138712856
12.270000,0.01417954973,0.01417954973
12.275000,0.01451823751,0.01451823751
12.280000,0.01482176722,0.01482176722
12.285000,0.01510540589,0.01510540589
12.290000,0.01532529579,0.01532529579
12.295000,0.01340597758,0.01340597758
12.300000,0.01145486554,0.01145486554
12.305000,0.01071718527,0.01071718527
12.310000,0.01028275403,0.01028275403
12.315000,0.009529900155,0.009529900155
12.320000,0.008655031061,0.008655031061
12.325000,0.007925579554,0.007925579554
12.330000,0.007285464554,0.007285464554
12.335000,0.006844814107,0.006844814107
12.340000,0.006412589399,0.006412589399
12.345000,0.006284719544,0.006284719544
12.350000,0.00588554251,0.00588554251
12.355000,0.005424960656,0.005424960656
12.360000,0.004878408848,0.004878408848
12.365000,0.0042947512,0.0042947512
12.370000,0.004288091531,0.004288091531
12.375000,0.005034378343,0.005034378343
12.380000,0.005447228213,0.005447228213
12.385000,0.006104894611,0.006104894611
12.390000,0.006716802819,0.006716802819
12.395000,0.006973001934,0.006973001934
12.400000,0.007145195016,0.007145195016
12.405000,0.006990427622,0.006990427622
12.410000,0.006634776483,0.006634776483
12.415000,0.006272224277,0.006272224277
12.420000,0.005907935291,0.005907935291
12.425000,0.00554195466,0.00554195466
12.430000,0.005174445797,0.005174445797
12.435000,0.004805470969,0.004805470969
12.440000,0.004435117867,0.004435117867
12.445000,0.004061817342,0.004061817342
12.450000,0.003660142106,0.003660142106
12.455000,0.003010659815,0.003010659815
12.460000,0.002229327522,0.002229327522
12.465000,0.001464060187,0.001464060187
12.470000,0.0007143039206,0.0007143039206
12.475000,6.283164943,-2.036444355e-05
12.480000,6.282445076,-0.0007402311569
12.485000,6.281739568,-0.001445738846
12.490000,6.281048184,-0.002137123471
12.495000,6.280370547,-0.002814759912
12.500000,6.279706273,-0.003479033871
12.505000,6.279055118,-0.004130188914
12.510000,6.278416735,-0.004768572554
12.515000,6.277767207,-0.005418100126
12.520000,6.277135611,-0.006049696096
12.525000,6.276529673,-0.006655633733
12.530000,6.275963374,-0.007221933584
12.535000,6.275472777,-0.007712530434
12.540000,6.275217059,-0.007968248555
12.545000,6.275192379,-0.007992928424
12.550000,6.275183529,-0.008001778434
12.555000,6.275069556,-0.008115751268
12.560000,6.274844661,-0.008340646182
12.565000,6.274496554,-0.008688753402
12.570000,6.274035675,-0.009149632521
12.575000,6.273509243,-0.009676064612
12.580000,6.272987161,-0.01019814643
12.585000,6.272470173,-0.01071513453
12.590000,6.271964119,-0.01122118862
12.595000,6.271468092,-0.0117172154
12.600000,6.270985291,-0.01220001632
12.605000,6.270514036,-0.01267127118
12.610000,6.270052492,-0.0131328153
12.615000,6.269609003,-0.0135763041
12.620000,6.269201697,-0.01398361004
12.625000,6.268790387,-0.01439491987
12.630000,6.268384537,-0.01480077033
12.635000,6.267983146,-0.01520216151
12.640000,6.267586252,-0.01559905499
12.645000,6.267191443,-0.01599386377
12.650000,6.266806578,-0.01637872963
12.655000,6.266429697,-0.01675561003
12.660000,6.266059058,-0.01712624922
12.665000,6.265693973,-0.01749133445
12.670000,6.265334146,-0.01785116072
12.675000,6.264979378,-0.01820592893
12.680000,6.264629523,-0.01855578433
12.685000,6.264284457,-0.01890084993
12.690000,6.263944072,-0.01924123523
12.695000,6.263608266,-0.01957704112
12.700000,6.263276945,-0.01990836237
12.705000,6.262950019,-0.02023528834
12.710000,6.2626274,-0.02055790723
12.715000,6.262309005,-0.02087630231
12.720000,6.261994753,-0.02119055384
12.725000,6.261684567,-0.02150074021
12.730000,6.26137837,-0.02180693767
12.735000,6.261076088,-0.02210921942
12.740000,6.26077765,-0.02240765682
12.745000,6.260498703,-0.02268660393
12.750000,6.260238101,-0.0229472057
12.755000,6.25999474,-0.02319056736
12.760000,6.259767584,-0.02341772277
12.765000,6.259555669,-0.02362963841
12.770000,6.25935809,-0.02382721675
12.775000,6.259174006,-0.0240113009
12.780000,6.259002629,-0.02418267775
12.785000,6.258778739,-0.02440656852
12.790000,6.258544225,-0.02464108175
12.795000,6.25831479,-0.02487051676
12.800000,6.258090478,-0.02509482886
12.805000,6.257871332,-0.02531397493
12.810000,6.257657409,-0.02552789836
12.815000,6.257448782,-0.02573652508
12.820000,6.25724554,-0.02593976711
12.825000,6.257047769,-0.02613753815
12.830000,6.256855576,-0.02632973163
12.835000,6.256669111,-0.02651619606
12.840000,6.256488485,-0.02669682236
12.845000,6.256313866,-0.02687144101
12.850000,6.256124049,-0.0270612581
12.855000,6.255934188,-0.02725111917
12.860000,6.255773688,-0.02741161893
12.865000,6.255583328,-0.02760197931
12.870000,6.25539271,-0.02779259757
12.875000,6.255200981,-0.02798432613
12.880000,6.25500815,-0.02817715747
12.885000,6.25481421,-0.02837109732
12.890000,6.254619128,-0.02856617916
12.895000,6.254422849,-0.02876245824
12.900000,6.254225321,-0.02895998571
12.905000,6.254026487,-0.02915881999
12.910000,6.253826295,-0.0293590118
12.915000,6.253624704,-0.02956060327
12.920000,6.253421682,-0.0297636253
12.925000,6.2532172,-0.02996810747
12.930000,6.253011248,-0.03017405958
12.935000,6.25280383,-0.03038147692
12.940000,6.252594958,-0.03059034941
12.945000,6.252384651,-0.03080065575
12.950000,6.252172943,-0.03101236438
12.955000,6.251959872,-0.0312254349
12.960000,6.251745492,-0.03143981549
12.965000,6.251529855,-0.03165545174
12.970000,6.251313025,-0.03187228237
12.975000,6.251095072,-0.03209023541
12.980000,6.250876073,-0.03230923372
12.985000,6.250656105,-0.03252920194
12.990000,6.250435251,-0.03275005611
12.995000,6.250213595,-0.03297171216
13.000000,6.249991234,-0.03319407277
13.005000,6.249768252,-0.03341705505
13.010000,6.249544746,-0.03364056078
13.015000,6.249320808,-0.03386449882
13.020000,6.249096536,-0.03408877127
13.025000,6.248872022,-0.03431328523
13.030000,6.248647364,-0.03453794338
13.035000,6.248422652,-0.0347626554
13.040000,6.248197985,-0.03498732266
13.045000,6.247973454,-0.03521185271
13.050000,6.247749151,-0.03543615606
13.055000,6.247525169,-0.03566013779
13.060000,6.247301598,-0.03588370914
13.065000,6.247078525,-0.03610678202
13.070000,6.246856038,-0.03632926868
13.075000,6.246634223,-0.03655108466
13.080000,6.24641316,-0.03677214676
13.085000,6.24619293,-0.03699237685
13.090000,6.245973625,-0.03721168201
13.095000,6.245755322,-0.03742998478
13.100000,6.245538108,-0.03764719871
13.105000,6.245322077,-0.03786323056
13.110000,6.245107338,-0.03807796938
13.115000,6.244894043,-0.03829126442
13.120000,6.244682445,-0.03850286228
13.125000,6.244473046,-0.03871226089
13.130000,6.244267117,-0.03891818991
13.135000,6.244053132,-0.03913217523
13.140000,6.243837246,-0.0393480608
13.145000,6.243619516,-0.03956579135
13.150000,6.243400357,-0.03978495058
13.155000,6.243180178,-0.04000512956
13.160000,6.242959279,-0.04022602837
13.165000,6.242737957,-0.0404473501
13.170000,6.242516399,-0.0406689085
13.175000,6.242294949,-0.04089035783
13.180000,6.242073887,-0.04111141991
13.185000,6.241853326,-0.04133198143
13.190000,6.241633433,-0.04155187369
13.195000,6.241414354,-0.04177095307
13.200000,6.241196217,-0.04198908978
13.205000,6.24097914,-0.04220616696
13.210000,6.240763219,-0.04242208838
13.215000,6.24054854,-0.04263676741
13.220000,6.240335173,-0.04285013419
13.225000,6.240123191,-0.04306211625
13.230000,6.239790716,-0.04339459157
13.235000,6.239541729,-0.04364357808
13.240000,6.23930142,-0.04388388752
13.245000,6.239068836,-0.04411647074
13.250000,6.238843306,-0.04434200072
13.255000,6.238624302,-0.04456100476
13.260000,6.238411351,-0.04477395598
13.265000,6.238204049,-0.04498125819
13.270000,6.238002049,-0.04518325821
13.275000,6.237805053,-0.04538025414
13.280000,6.237612801,-0.04557250655
13.285000,6.237425065,-0.04576024172
13.290000,6.237241649,-0.04594365797
13.295000,6.237062376,-0.04612293084
13.300000,6.23688709,-0.04629821763
13.305000,6.23671565,-0.0464696568
13.310000,6.236547935,-0.04663737212
13.315000,6.236383829,-0.04680147804
13.320000,6.236223229,-0.04696207805
13.325000,6.236066042,-0.04711926504
13.330000,6.23591218,-0.04727312727
13.335000,6.235761561,-0.04742374599
13.340000,6.235614108,-0.04757119885
13.345000,6.235469754,-0.04771555358
13.350000,6.235328436,-0.04785687071
13.355000,6.235190086,-0.04799522165
13.360000,6.235054637,-0.04813066978
13.365000,6.234922035,-0.04826327188
13.370000,6.234792224,-0.04839308292
13.375000,6.234665142,-0.04852016475
13.380000,6.23454074,-0.04864456698
13.385000,6.234418973,-0.04876633389
13.390000,6.23429978,-0.04888552694
13.395000,6.23418311,-0.04900219668
13.400000,6.234068924,-0.04911638325
13.405000,6.233957166,-0.04922814089
13.410000,6.233847796,-0.04933751078
13.415000,6.233740764,-0.04944454333
13.420000,6.233636017,-0.04954928984
13.425000,6.233533523,-0.04965178454
13.430000,6.23343323,-0.04975207697
13.435000,6.233335093,-0.04985021455
13.440000,6.233239069,-0.04994623776
13.445000,6.233145115,-0.05004019207
13.450000,6.233053155,-0.05013215266
13.455000,6.232963178,-0.05022212889
13.460000,6.232875159,-0.05031014797
13.465000,6.232789034,-0.0503962735
13.470000,6.23270476,-0.0504805476
13.475000,6.232622318,-0.05056298935
13.480000,6.232541682,-0.05064362567
13.485000,6.232462852,-0.05072245502
13.490000,6.232385749,-0.05079955791
13.495000,6.232310328,-0.0508749787
13.500000,6.232236541,-0.05094876615
13.505000,6.232164413,-0.05102089376
13.510000,6.232093847,-0.05109146064
13.515000,6.232021072,-0.05116423529
13.520000,6.231953892,-0.05123141509
13.525000,6.231888522,-0.05129678513
13.530000,6.231818937,-0.05136637014
13.535000,6.231759602,-0.05142570474
13.540000,6.2316981,-0.05148720714
13.545000,6.231644714,-0.05154059336
13.550000,6.231592938,-0.0515923696
13.555000,6.231545965,-0.05163934224
13.560000,6.23150435,-0.05168095759
13.565000,6.23146192,-0.05172338698
13.570000,6.231415315,-0.0517699925
13.575000,6.231368,-0.05181730688
13.580000,6.231320292,-0.05186501549
13.585000,6.231272446,-0.05191286162
13.590000,6.231224672,-0.05196063473
13.595000,6.231177133,-0.05200817449
13.600000,6.231129941,-0.05205536606
13.605000,6.231083203,-0.05210210428
13.610000,6.231036959,-0.05214834789
13.615000,6.230991252,-0.05219405507
13.620000,6.230946111,-0.05223919602
13.625000,6.230901549,-0.05228375781
13.630000,6.230857572,-0.05232773523
13.635000,6.230814175,-0.05237113187
13.640000,6.230771348,-0.05241395954
13.645000,6.230729075,-0.05245623259
13.650000,6.230687337,-0.05249797027
13.655000,6.230646112,-0.05253919488
13.660000,6.230605376,-0.05257993084
13.665000,6.230565103,-0.05262020417
13.670000,6.230525265,-0.05266004258
13.675000,6.230485833,-0.0526994739
13.680000,6.230446781,-0.05273852613
13.685000,6.23040808,-0.05277722714
13.690000,6.230369703,-0.05281560447
13.695000,6.230331623,-0.05285368452
13.700000,6.230293815,-0.05289149258
13.705000,6.230256255,-0.05292905257
13.710000,6.23021892,-0.05296638674
13.715000,6.230181792,-0.0530035152
13.720000,6.230144851,-0.05304045583
13.725000,6.230126443,-0.05305886438
13.730000,6.230124978,-0.05306032869
13.735000,6.230138949,-0.05304635862
13.740000,6.230166944,-0.05301836291
13.745000,6.230207655,-0.05297765258
13.750000,6.230259864,-0.05292544326
13.755000,6.230322445,-0.05286286193
13.760000,6.230394361,-0.05279094594
13.765000,6.23047466,-0.05271064765
13.770000,6.230558166,-0.05262714097
13.775000,6.230641839,-0.0525434682
13.780000,6.230740753,-0.05244455405
13.785000,6.230856488,-0.05232881891
13.790000,6.230972023,-0.05221328413
13.795000,6.231093085,-0.05209222249
13.800000,6.231218596,-0.05196671154
13.805000,6.231348208,-0.05183709896
13.810000,6.231481318,-0.05170398911
13.815000,6.231617525,-0.05156778253
13.820000,6.231756455,-0.05142885236
13.825000,6.231880738,-0.05130456901
13.830000,6.231820679,-0.05136462807
13.835000,6.231758499,-0.05142680815
13.840000,6.231733865,-0.05145144207
13.845000,6.23166846,-0.05151684669
13.850000,6.231600845,-0.05158446253
13.855000,6.231530272,-0.05165503543
13.860000,6.231456572,-0.05172873555
13.865000,6.231379604,-0.0518057035
13.870000,6.231299243,-0.05188606453
13.875000,6.231215388,-0.05196991872
13.880000,6.231127956,-0.05205735094
13.885000,6.231036876,-0.05214843129
13.890000,6.230942098,-0.05224320912
13.895000,6.230843588,-0.05234171904
13.900000,6.230741327,-0.05244398057
13.905000,6.230635309,-0.05254999857
13.910000,6.230525553,-0.05265975378
13.915000,6.230412072,-0.05277323548
13.920000,6.230294915,-0.05289039225
13.925000,6.230174119,-0.05301118851
13.930000,6.23004975,-0.05313555724
13.935000,6.229921875,-0.05326343177
13.940000,6.229790571,-0.05339473595
13.945000,6.229655922,-0.05352938472
13.950000,6.229518026,-0.05366728095
13.955000,6.229376978,-0.05380832909
13.960000,6.229232881,-0.053952426
13.965000,6.229085852,-0.05409945535
13.970000,6.228936004,-0.05424930337
13.975000,6.228783459,-0.05440184834
13.980000,6.228628341,-0.05455696632
13.985000,6.228470767,-0.05471454005
13.990000,6.228310875,-0.05487443215
13.995000,6.228148792,-0.05503651497
14.000000,6.227984651,-0.05520065635
14.005000,6.227818583,-0.05536672448
