t,contact_index,id1,id2,d_tip,gap_surf,theta
1.930000,1,1,0,0.2161469102,0.499997367,3.601767355
1.935000,1,1,0,0.2162423192,0.4999973118,3.601874471
1.940000,1,1,0,0.2163317876,0.4999973627,3.60198131
1.945000,1,1,0,0.2164154055,0.4999974137,3.602087879
1.950000,1,1,0,0.2164934801,0.4999974647,3.602194179
1.955000,1,1,0,0.2165672241,0.4999970958,3.602300197
1.960000,1,1,0,0.2166352623,0.499996543,3.602405986
1.965000,1,1,0,0.2179413859,0.4999978775,3.602718086
1.970000,1,1,0,0.2204151331,0.4999974469,3.603222076
1.975000,1,1,0,0.2227417129,0.4999984837,3.603691356
1.980000,1,1,0,0.2249301593,0.4999986782,3.604128242
1.985000,1,1,0,0.2272552839,0.4999986823,3.605278626
1.990000,1,1,0,0.229207565,0.4999969253,3.60588869
2.035000,2,1,0,0.2354558951,0.4999810767,3.468767432
2.040000,2,1,0,0.2365585654,0.4999991233,3.468916858
2.045000,2,1,0,0.2376212332,0.4999986605,3.469057543
2.050000,2,1,0,0.238640814,0.499996928,3.469190573
2.055000,2,1,0,0.2396195943,0.499999464,3.469316286
2.060000,2,1,0,0.2405630887,0.4999994578,3.469435265
2.065000,2,1,0,0.2414740913,0.4999983931,3.469547474
2.070000,2,1,0,0.2195906906,0.4999976235,3.466263084
2.075000,2,1,0,0.1983757962,0.4999988517,3.462856628
2.080000,2,1,0,0.2228316372,0.4999979638,3.466525805
2.085000,2,1,0,0.2217068158,0.4999980029,3.466494496
2.090000,2,1,0,0.1977440191,0.4999997466,3.462692167
2.095000,2,1,0,0.1992983182,0.499998031,3.462685042
2.100000,2,1,0,0.2008167974,0.4999980058,3.462680343
2.105000,2,1,0,0.2022623353,0.499997981,3.462678928
2.110000,2,1,0,0.2036107873,0.4999979564,3.462682067
2.115000,2,1,0,0.2048483218,0.499997932,3.462690739
2.120000,2,1,0,0.2059686945,0.4999979076,3.462705641
2.125000,2,1,0,0.2069710173,0.4999978832,3.462727209
2.130000,2,1,0,0.2078580278,0.4999978587,3.462755665
2.135000,2,1,0,0.2086347989,0.4999978341,3.462791055
2.140000,2,1,0,0.2093078053,0.4999978094,3.462833284
2.145000,2,1,0,0.2098842653,0.4999977847,3.462882157
2.150000,2,1,0,0.2103716879,0.49999776,3.462937404
2.155000,2,1,0,0.2107775687,0.4999977353,3.462998699
2.160000,2,1,0,0.2111091941,0.4999977108,3.463065685
2.165000,2,1,0,0.211373519,0.4999976865,3.463137984
2.170000,2,1,0,0.2115770973,0.4999976624,3.463215208
2.175000,2,1,0,0.211726048,0.4999976387,3.463296968
2.180000,2,1,0,0.2118260444,0.4999976153,3.463382879
2.185000,1,1,0,0.2118823197,0.4999975925,3.463472565
2.190000,1,1,0,0.2118996818,0.4999975702,3.463565664
2.195000,1,1,0,0.2118830677,0.4999975485,3.463661882
2.200000,1,1,0,0.2118354396,0.4999975274,3.463760852
2.205000,1,1,0,0.2117604586,0.4999994475,3.463862205
2.210000,0,1,0,0.2116625245,0.4999994436,3.463965673
2.215000,0,1,0,0.2115441666,0.4999994399,3.464070851
2.220000,0,1,0,0.211407989,0.4999994365,3.464177747
2.225000,0,1,0,0.2112568043,0.4999995185,3.464286049
2.230000,0,1,0,0.2110509716,0.4999991264,3.463803418
2.235000,0,1,0,0.21139435,0.4999994959,3.463490183
2.240000,0,1,0,0.2109740047,0.4999983077,3.464100037
2.250000,0,1,0,0.2108269704,0.4999995606,3.461458848
2.255000,0,1,0,0.2106253881,0.4999995359,3.461570483
2.260000,0,1,0,0.2104204772,0.4999990036,3.461682198
2.265000,0,1,0,0.2102131867,0.4999990114,3.461793494
2.270000,0,1,0,0.2100042461,0.4999990983,3.461904357
2.275000,0,1,0,0.2097945902,0.4999998262,3.462014984
2.280000,0,1,0,0.2095853786,0.4999998263,3.462125071
2.285000,0,1,0,0.2093771007,0.4999998265,3.462234521
2.290000,0,1,0,0.209170371,0.4999998268,3.462343242
2.295000,0,1,0,0.2089657311,0.4999998272,3.462451154
2.300000,0,1,0,0.2087636568,0.4999998277,3.462558181
2.305000,0,1,0,0.2085645638,0.4999998284,3.462664255
2.310000,0,1,0,0.2083688132,0.4999998291,3.462769314
2.315000,0,1,0,0.2081767164,0.49999983,3.462873305
2.320000,0,1,0,0.2079885929,0.4999998311,3.462976476
2.325000,0,1,0,0.2078045819,0.4999998322,3.463078514
2.330000,0,1,0,0.2076248531,0.499999962,3.463179088
2.335000,0,1,0,0.2074496495,0.4999999621,3.463278431
2.340000,0,1,0,0.2072790597,0.4999999621,3.463376514
2.345000,0,1,0,0.2071131809,0.4999999622,3.463473313
2.350000,0,1,0,0.2069519813,0.4999999622,3.463568216
2.355000,0,1,0,0.2067957254,0.4999999622,3.46366204
2.360000,0,1,0,0.2066444162,0.4999997383,3.463755135
2.365000,0,1,0,0.2064978486,0.4999998565,3.463846847
2.370000,0,1,0,0.2063562113,0.4999998821,3.463937189
2.375000,0,1,0,0.20621943,0.4999997664,3.464025941
2.380000,0,1,0,0.2060874715,0.4999997681,3.46411324
2.385000,0,1,0,0.2059602163,0.4999996984,3.464199126
2.390000,0,1,0,0.2058377346,0.4999997673,3.464283724
2.395000,0,1,0,0.20571994,0.4999994866,3.464367018
2.400000,0,1,0,0.2057108539,0.4999994764,3.465329285
2.405000,0,1,0,0.2057285317,0.4999991549,3.465814805
2.435000,0,1,0,0.2035042653,0.4999877798,3.413042776
2.440000,0,1,0,0.2034229087,0.4999997203,3.413110909
2.445000,0,1,0,0.2033485228,0.499999775,3.413177039
2.450000,0,1,0,0.2032779814,0.4999995262,3.413241587
2.455000,0,1,0,0.2032110769,0.4999999186,3.413305082
2.460000,0,1,0,0.2031479511,0.4999998546,3.413367524
2.465000,0,1,0,0.2030885646,0.499999754,3.413429395
2.470000,0,1,0,0.203032505,0.4999995847,3.413488953
2.475000,0,1,0,0.2029795901,0.4999999446,3.413546966
2.480000,0,1,0,0.2029300556,0.4999999927,3.413603726
2.485000,0,1,0,0.2028836542,0.4999998304,3.413659259
2.490000,0,1,0,0.2028402477,0.4999999975,3.413714361
2.590000,0,1,0,0.2024613623,0.4999995027,3.414590787
2.595000,0,1,0,0.2024606833,0.4999988203,3.41462571
2.600000,0,1,0,0.2028836717,0.4999998216,3.414823331
2.605000,0,1,0,0.2025867745,0.4999996033,3.414907254
2.635000,0,1,0,0.1987801022,0.4999999884,3.397271608
2.640000,0,1,0,0.1987900644,0.4999999903,3.39729362
2.645000,0,1,0,0.1988013827,0.4999999927,3.397313159
2.650000,0,1,0,0.1988143526,0.4999999736,3.397334347
2.660000,0,1,0,0.1988439746,0.4999999465,3.397370956
2.680000,0,1,0,0.1989177409,0.499999972,3.397440542
2.685000,0,1,0,0.1989386468,0.4999998799,3.397455693
2.690000,0,1,0,0.1989605889,0.4999998513,3.39747045
2.695000,0,1,0,0.1991096652,0.4999991523,3.398177194
2.700000,0,1,0,0.1991232254,0.4999996892,3.398345896
2.725000,1,1,0,0.1985898608,0.499999395,3.358910771
2.730000,1,1,0,0.1986161998,0.4999997675,3.358927444
2.735000,1,1,0,0.1986432543,0.4999999912,3.358944205
2.740000,1,1,0,0.1986709074,0.4999999886,3.358959374
2.750000,1,1,0,0.1987279657,0.4999999858,3.358988496
2.755000,1,1,0,0.1987574513,0.4999999851,3.359006258
2.770000,1,1,0,0.198848002,0.4999999923,3.359043074
2.775000,1,1,0,0.1988790373,0.499999942,3.359055981
2.800000,1,1,0,0.1990384431,0.4999999922,3.359109928
2.820000,1,1,0,0.1991693693,0.4999999902,3.359140238
2.825000,1,1,0,0.1992026786,0.4999999919,3.35915242
2.830000,2,1,0,0.1992360192,0.4999999935,3.359163243
2.845000,2,1,0,0.1993358446,0.4999999868,3.359183695
2.850000,2,1,0,0.1993691333,0.4999998756,3.359189325
2.860000,2,1,0,0.1994357431,0.4999999921,3.359201385
2.865000,2,1,0,0.199469264,0.4999999884,3.359212203
2.885000,1,1,0,0.1996015113,0.499999995,3.359229739
2.890000,1,1,0,0.1996344214,0.4999999943,3.359234932
2.895000,1,1,0,0.199667223,0.4999999935,3.359239977
2.900000,1,1,0,0.1996999376,0.4999999928,3.359245493
2.905000,1,1,0,0.199732728,0.499999992,3.359254757
2.910000,1,1,0,0.1997653446,0.4999999933,3.359263226
2.925000,1,1,0,0.2000819449,0.499999959,3.357451632
2.935000,1,1,0,0.2004467416,0.4999997954,3.329272166
2.940000,2,1,0,0.200481853,0.4999985486,3.32928198
2.945000,2,1,0,0.2014529612,0.4999999942,3.32911221
2.950000,2,1,0,0.2033028265,0.4999999791,3.328775895
2.955000,2,1,0,0.2050382251,0.4999999962,3.328467784
2.960000,1,1,0,0.2066655089,0.4999999581,3.328186809
2.970000,1,1,0,0.2096223621,0.499999364,3.327695841
2.990000,1,1,0,0.2145223405,0.4999999139,3.326975381
3.015000,2,1,0,0.2224111171,0.4999995277,3.339573212
3.035000,1,1,0,0.2261399861,0.4999998916,3.510641588
3.040000,1,1,0,0.2267953564,0.4999999384,3.510648931
3.045000,1,1,0,0.2274257067,0.4999998988,3.51065538
3.050000,1,1,0,0.2098883323,0.4999999544,3.508061229
3.055000,1,1,0,0.1930075074,0.4999999458,3.505408393
3.065000,1,1,0,0.2114784092,0.4999999214,3.508032686
3.070000,1,1,0,0.1925315236,0.4999999873,3.50505529
3.075000,1,1,0,0.1940727474,0.4999990391,3.505000688
3.085000,1,1,0,0.1977461468,0.4999989738,3.510115418
3.090000,1,1,0,0.1994060957,0.4999987089,3.511496082
3.095000,1,1,0,0.2006423744,0.4999986993,3.511582822
3.100000,1,1,0,0.2017617786,0.4999986721,3.511663883
3.105000,1,1,0,0.202763071,0.4999986832,3.511740025
3.110000,1,1,0,0.2036485126,0.4999986909,3.511810977
3.115000,1,1,0,0.2044229308,0.4999986952,3.511876943
3.120000,1,1,0,0.2050926653,0.4999986962,3.511938186
3.125000,1,1,0,0.205664884,0.4999986939,3.511994996
3.130000,1,1,0,0.2061471077,0.4999986886,3.512047674
3.135000,1,1,0,0.2065470754,0.4999986804,3.512097332
3.140000,1,1,0,0.2068720728,0.4999986696,3.512143896
3.145000,1,1,0,0.207128476,0.4999985683,3.51218467
3.150000,1,1,0,0.2073235322,0.4999984164,3.512222412
3.155000,1,1,0,0.2074638418,0.4999984491,3.512258935
3.160000,1,1,0,0.2075545365,0.499998435,3.512291588
3.165000,1,1,0,0.207601495,0.4999984381,3.512322912
3.170000,1,1,0,0.2076095967,0.49999854,3.512352935
3.175000,1,1,0,0.2075830264,0.4999985512,3.512380428
3.180000,1,1,0,0.2075260686,0.4999985709,3.512406287
3.185000,1,1,0,0.2074423496,0.4999985626,3.512430089
3.190000,1,1,0,0.2073352801,0.4999985453,3.512451939
3.195000,1,1,0,0.207252638,0.4999985441,3.512662912
3.200000,1,1,0,0.207154912,0.4999985811,3.512878152
3.210000,0,1,0,0.2062546057,0.4999985394,3.510144491
3.215000,0,1,0,0.2057908104,0.4999986976,3.507986316
3.220000,0,1,0,0.2055001097,0.499998724,3.506615917
3.225000,0,1,0,0.2053031129,0.4999987419,3.506461421
3.230000,0,1,0,0.2051154136,0.4999992245,3.506579007
3.235000,1,1,0,0.2050419684,0.4999993563,3.505460614
3.240000,1,1,0,0.2076619009,0.4999999458,3.504194922
3.245000,2,1,0,0.2107731444,0.4999954541,3.472378736
3.250000,3,1,0,0.21056574,0.4999931429,3.472505242
3.255000,2,1,0,0.2103565707,0.499999268,3.472627206
3.260000,2,1,0,0.2101503668,0.4999939894,3.472750035
3.265000,1,1,0,0.2099424547,0.4999957734,3.472871805
3.270000,1,1,0,0.2097352562,0.4999968078,3.472991902
3.275000,1,1,0,0.2095144065,0.4999982337,3.473210466
3.280000,0,1,0,0.2094337728,0.4999977853,3.474156054
3.285000,0,1,0,0.2092502102,0.4999427929,3.474421635
3.300000,1,1,0,0.2085690335,0.4999965009,3.474556762
3.305000,1,1,0,0.2083835517,0.4999965931,3.474666195
3.310000,1,1,0,0.2082030214,0.4999958722,3.474780231
3.315000,1,1,0,0.2080261147,0.4999966615,3.474890282
3.320000,1,1,0,0.2078536638,0.4999979716,3.474996352
3.325000,1,1,0,0.2076856998,0.4999984191,3.475099525
3.330000,1,1,0,0.2075225413,0.499999293,3.475199264
3.335000,1,1,0,0.2073645191,0.49999876,3.475297249
3.340000,1,1,0,0.2072115949,0.4999989903,3.475396208
3.345000,1,1,0,0.2070628568,0.4999986998,3.475493468
3.350000,1,1,0,0.2069204076,0.4999992534,3.475589019
3.355000,1,1,0,0.2067827952,0.4999967788,3.475681675
3.360000,1,1,0,0.2066480316,0.4999995317,3.475767409
3.365000,1,1,0,0.2065196827,0.4999991494,3.475856343
3.370000,1,1,0,0.2063963906,0.4999984572,3.475946533
3.375000,1,1,0,0.2062776844,0.4999985201,3.476037078
3.380000,1,1,0,0.2061639957,0.4999982508,3.476122915
3.385000,1,1,0,0.2060546867,0.4999975251,3.476204089
3.390000,1,1,0,0.2059495092,0.4999982234,3.476283185
3.395000,1,1,0,0.2058479954,0.4999984167,3.47636051
3.400000,1,1,0,0.2058656677,0.4999987428,3.477524194
3.405000,1,1,0,0.2060883301,0.4999959137,3.479647835
3.410000,1,1,0,0.2061878056,0.4999972968,3.480656079
3.415000,1,1,0,0.2060945188,0.4999973361,3.480672992
3.420000,1,1,0,0.2060052442,0.4999973457,3.480688738
3.425000,1,1,0,0.2059200395,0.4999973403,3.480704154
3.430000,1,1,0,0.2058393876,0.499997351,3.48072242
3.435000,1,1,0,0.2057619717,0.4999973473,3.480737053
3.440000,1,1,0,0.205687239,0.4999971051,3.480745677
3.445000,1,1,0,0.2056172814,0.4999971175,3.480760087
3.450000,1,1,0,0.2055513457,0.4999973536,3.480776836
3.455000,1,1,0,0.2054883303,0.4999973547,3.480790623
3.460000,1,1,0,0.2054281117,0.4999973696,3.480801313
3.465000,1,1,0,0.2053716349,0.4999973702,3.480814609
3.470000,1,1,0,0.2053188375,0.4999976127,3.480830719
3.475000,1,1,0,0.2052684991,0.4999976156,3.48084365
3.480000,1,1,0,0.2052210706,0.4999976172,3.480856371
3.485000,1,1,0,0.2051764575,0.4999976193,3.480868914
3.490000,1,1,0,0.2051345623,0.4999976219,3.480881287
3.495000,1,1,0,0.2050952895,0.4999976251,3.480893499
3.500000,1,1,0,0.2050585454,0.4999976287,3.480905559
3.505000,1,1,0,0.2050242687,0.4999976328,3.480917641
3.510000,1,1,0,0.2049923086,0.4999976373,3.48092942
3.515000,1,1,0,0.2049625767,0.4999976291,3.480940901
3.520000,1,1,0,0.2049355879,0.4999976345,3.480955383
3.525000,1,1,0,0.2049101837,0.4999976403,3.480966986
3.530000,1,1,0,0.20488621,0.4999974147,3.480975337
3.535000,1,1,0,0.2048646689,0.4999974063,3.480986321
3.540000,1,1,0,0.2048450483,0.4999974144,3.480997589
3.545000,1,1,0,0.2048271696,0.4999974229,3.481008583
3.550000,1,1,0,0.2048115059,0.4999974176,3.481022321
3.555000,1,1,0,0.2047964461,0.4999974268,3.481030324
3.560000,1,1,0,0.2047829065,0.4999972023,3.481038045
3.565000,1,1,0,0.2047719535,0.4999974305,3.48105167
3.570000,1,1,0,0.2047617031,0.4999974423,3.481062267
3.575000,1,1,0,0.2047519144,0.4999974389,3.481066765
3.580000,1,1,0,0.2047447258,0.4999974497,3.481077351
3.585000,1,1,0,0.2047396242,0.4999979098,3.481093545
3.590000,1,1,0,0.2047346514,0.4999979097,3.481103899
3.595000,1,1,0,0.2047302552,0.4999979184,3.481111136
3.600000,1,1,0,0.2047280193,0.4999979161,3.481124342
3.605000,1,1,0,0.2047268105,0.4999981562,3.481137505
3.610000,1,1,0,0.2047265497,0.4999979247,3.481150556
3.615000,1,1,0,0.2047267124,0.4999979327,3.481160771
3.620000,1,1,0,0.2047266488,0.4999974797,3.48116488
3.625000,1,1,0,0.2047284438,0.4999974759,3.481174606
3.630000,1,1,0,0.2047310614,0.4999974755,3.481184505
3.635000,1,1,0,0.2047333642,0.4999974887,3.481188477
3.640000,1,1,0,0.2047384869,0.4999974889,3.481204216
3.645000,1,1,0,0.2047443011,0.4999979463,3.481220049
3.650000,1,1,0,0.2047480189,0.4999974995,3.481220807
3.655000,1,1,0,0.2047533791,0.4999974963,3.481227354
3.660000,1,1,0,0.2047609315,0.499997729,3.481243013
3.665000,1,1,0,0.2054882914,0.499997961,3.484302373
3.670000,1,1,0,0.2056253146,0.4999977408,3.482944574
3.675000,1,1,0,0.2045578666,0.499997622,3.478858307
7.750000,0,1,0,0.199443702,0.49999994,5.914585604
7.760000,0,1,0,0.1995554766,0.4999999393,5.914353386
7.770000,0,1,0,0.199666785,0.4999999421,5.914132193
7.780000,0,1,0,0.1997772933,0.4999999385,5.913920412
7.790000,0,1,0,0.199887063,0.49999994,5.913717278
7.800000,0,1,0,0.200225065,0.4999999406,5.912133369
7.810000,1,1,0,0.2028476194,0.499999256,5.815867467
7.820000,1,1,0,0.205619683,0.4999991571,5.833779162
7.830000,0,1,0,0.2054617579,0.4999993942,5.833818755
7.840000,0,1,0,0.2055710685,0.4999994146,5.834046785
7.850000,0,1,0,0.2064066403,0.4999994132,5.830011168
7.860000,0,1,0,0.2079854181,0.4999994456,5.824479148
7.870000,0,1,0,0.2102022881,0.4999994541,5.818008536
7.880000,0,1,0,0.2139691037,0.4999995046,5.809309232
7.890000,0,1,0,0.2170433956,0.4999995353,5.805731848
7.900000,0,1,0,0.2191366336,0.4999993699,5.804456076
7.910000,1,1,0,0.2203274772,0.4999994042,5.813667845
7.920000,0,1,0,0.2309277525,0.4999964913,5.926789527
7.930000,0,1,0,0.2320996774,0.4999965826,5.927011082
7.940000,0,1,0,0.233180619,0.4999959486,5.927308375
7.950000,0,1,0,0.2187066403,0.4999963845,5.921463839
7.970000,0,1,0,0.2129543342,0.4999956473,5.921619588
7.975000,0,1,0,0.2162214879,0.4999899873,5.91448131
7.980000,1,1,0,0.2225155434,0.4999978565,5.658063401
7.985000,1,1,0,0.2239524738,0.4999871276,5.657949
7.990000,1,1,0,0.2252520061,0.4999870536,5.657902762
7.995000,1,1,0,0.2264473264,0.4999869058,5.657865178
8.000000,1,1,0,0.2243960305,0.4999888667,5.691869922
8.010000,1,1,0,0.2293587012,0.4999847008,5.658083494
8.015000,0,1,0,0.2300706728,0.4999860718,5.657988524
8.020000,0,1,0,0.2306308081,0.4999871634,5.657988548
8.025000,0,1,0,0.2310859522,0.4999873308,5.657993419
8.030000,0,1,0,0.2314449033,0.4999871841,5.658001582
8.035000,0,1,0,0.2317149424,0.4999870593,5.658011991
8.040000,0,1,0,0.2319057944,0.4999873313,5.658020894
8.045000,0,1,0,0.2320394387,0.4999860784,5.658031436
8.050000,0,1,0,0.23084715,0.4999896932,5.694451471
8.060000,0,1,0,0.2321535001,0.4999733539,5.658419405
8.065000,0,1,0,0.2320893742,0.4999878338,5.658316854
8.070000,0,1,0,0.2319453952,0.4999880249,5.658339237
8.075000,0,1,0,0.2317668661,0.4999876751,5.658361992
8.080000,0,1,0,0.231557797,0.4999877751,5.658384768
8.085000,0,1,0,0.2313222216,0.4999882102,5.658407922
8.090000,0,1,0,0.2310638764,0.4999883112,5.65843145
8.095000,0,1,0,0.2307864838,0.499988465,5.65845517
8.100000,0,1,0,0.2304932238,0.4999878758,5.6584783
8.105000,0,1,0,0.2301848345,0.4999882197,5.65849977
8.110000,0,1,0,0.2298653003,0.4999883107,5.658519931
8.115000,0,1,0,0.2295446441,0.4999865595,5.658538802
8.120000,0,1,0,0.2292242331,0.4999870342,5.658557475
8.125000,0,1,0,0.2326696397,0.4999987489,5.701044956
8.185000,0,1,0,0.2440801792,0.4999883961,5.638223777
8.185000,1,1,0,0.2440801792,0.4999995904,5.364409259
8.190000,1,1,0,0.2334605519,0.4999848487,5.399999256
8.200000,1,1,0,0.2329062724,0.4999994325,5.401180111
8.210000,1,1,0,0.2323619482,0.4999998018,5.402269458
8.385000,0,1,0,0.2587169784,0.4999946772,5.469828729
8.585000,0,1,0,0.2175233667,0.4999998145,5.28166309
8.595000,0,1,0,0.217213949,0.4999998205,5.282894019
8.620000,0,1,0,0.216343248,0.4999998105,5.284251038
8.630000,0,1,0,0.2159916639,0.4999998205,5.285089909
8.640000,0,1,0,0.2156755579,0.4999998228,5.285957837
8.660000,0,1,0,0.2449387623,0.4999995616,5.248403891
8.665000,0,1,0,0.2448465738,0.4999954781,5.248524257
8.670000,1,1,0,0.2117433976,0.4999950063,5.301345513
8.680000,1,1,0,0.3035998293,0.4999931904,5.389725878
8.685000,1,1,0,0.3030150757,0.4999961376,5.389971192
8.690000,1,1,0,0.3018411717,0.4999960159,5.389853095
8.760000,1,1,0,0.2312920521,0.4999987301,5.465130389
8.770000,1,1,0,0.231851107,0.499993874,5.021010459
8.780000,0,1,0,0.2577639874,0.4999759482,5.201672874
8.785000,0,1,0,0.2575954924,0.4999794283,5.201464733
8.790000,0,1,0,0.2573735207,0.4999805448,5.20132161
8.795000,0,1,0,0.2571579113,0.4999805769,5.20117775
8.800000,0,1,0,0.2569448313,0.4999810021,5.20103353
8.805000,0,1,0,0.2567359636,0.4999830264,5.200888951
8.810000,0,1,0,0.256533263,0.4999823578,5.200743663
8.815000,0,1,0,0.2563313882,0.4999831942,5.200598414
8.820000,0,1,0,0.2561343178,0.4999843512,5.200452908
8.825000,0,1,0,0.2569796592,0.4999821101,5.199916482
8.830000,0,1,0,0.2588019942,0.4999817971,5.198999105
8.835000,0,1,0,0.2605025721,0.499981627,5.198098988
8.840000,0,1,0,0.2620910903,0.4999834242,5.197216054
8.845000,0,1,0,0.2635741894,0.4999828815,5.196349448
8.850000,0,1,0,0.2649591278,0.4999852614,5.195498526
8.855000,0,1,0,0.2662561663,0.4999841931,5.194661988
8.860000,0,1,0,0.2674716616,0.4999841765,5.193839072
8.865000,0,1,0,0.2686128902,0.4999828415,5.193028847
8.870000,0,1,0,0.2696867274,0.4999828542,5.192230507
8.875000,0,1,0,0.270699643,0.4999819168,5.191443198
8.880000,0,1,0,0.2716561754,0.4999826038,5.190666459
8.885000,0,1,0,0.2725671231,0.4999823893,5.189898874
8.890000,0,1,0,0.2734334315,0.4999812636,5.189140107
8.895000,0,1,0,0.2762311298,0.4999842608,5.188570108
8.900000,0,1,0,0.2807857534,0.4999839658,5.187605027
8.940000,0,1,0,0.2691847225,0.4999924923,5.186923901
8.945000,0,1,0,0.2679128193,0.4999926648,5.186827763
8.955000,0,1,0,0.2222486209,0.4999928852,5.227764152
8.960000,0,1,0,0.245109264,0.4999925887,5.283096512
8.965000,0,1,0,0.2631853924,0.4999889015,5.29748085
8.980000,1,1,0,0.2435131964,0.4999875503,5.274201682
8.985000,1,1,0,0.2438362584,0.4999853405,5.276440679
8.985000,2,1,0,0.2438362584,0.4999971511,5.989766537
8.990000,2,1,0,0.264795235,0.4999857965,6.002342211
8.995000,2,1,0,0.3105669439,0.4999789285,6.025029998
9.000000,1,1,0,0.3339627528,0.4999870147,5.341639879
9.005000,1,1,0,0.3341149871,0.4999865208,5.342420875
9.010000,1,1,0,0.334123274,0.4999876028,5.34315742
9.015000,1,1,0,0.3340011368,0.4999883825,5.343851436
9.020000,1,1,0,0.3337614752,0.4999879211,5.344506645
9.025000,1,1,0,0.3333741617,0.4999877994,5.345091719
9.030000,1,1,0,0.2869949831,0.4999871259,5.30826793
9.035000,0,1,0,0.263261468,0.4999984301,5.652353901
9.040000,0,1,0,0.2631095403,0.4999764195,5.654589664
9.045000,0,1,0,0.2630652143,0.4999760222,5.658840938
9.050000,0,1,0,0.2696211451,0.4999750005,5.655785045
9.055000,0,1,0,0.2765178855,0.4999728383,5.649251001
9.060000,0,1,0,0.2763199114,0.4999747539,5.64902672
9.065000,0,1,0,0.2760567634,0.4999757939,5.64881064
9.070000,0,1,0,0.2757609664,0.4999761708,5.648598185
9.075000,0,1,0,0.2765364467,0.4999747831,5.648166722
9.080000,0,1,0,0.2775486745,0.4999747932,5.647727515
9.085000,0,1,0,0.2774330601,0.4999740767,5.647575925
9.090000,0,1,0,0.2712267756,0.4999744923,5.64894737
9.095000,0,1,0,0.2753444861,0.4999728151,5.657812475
9.100000,0,1,0,0.2827405286,0.4938828481,5.669784496
9.135000,1,1,0,0.2411571729,0.4999845922,5.543759369
9.140000,1,1,0,0.2407755376,0.4999859614,5.543837913
9.145000,1,1,0,0.2403986103,0.4999860041,5.543912711
9.150000,1,1,0,0.2400279009,0.4999864301,5.543989369
9.155000,1,1,0,0.2396635682,0.4999868469,5.544065832
9.160000,1,1,0,0.2393059747,0.4999868801,5.544141121
9.165000,1,1,0,0.2389555062,0.4999869154,5.544215276
9.170000,1,1,0,0.2386126606,0.499986956,5.544290302
9.175000,1,1,0,0.2382776953,0.4999873706,5.544366214
9.180000,1,1,0,0.2379506641,0.4999874286,5.544441385
9.185000,1,1,0,0.2376318779,0.4999874923,5.544517458
9.190000,1,1,0,0.2373212114,0.4999874481,5.544591834
9.195000,1,1,0,0.2370189608,0.4999870504,5.544666825
9.200000,1,1,0,0.2367250692,0.4999871442,5.544741332
9.205000,1,1,0,0.2364393688,0.4999866411,5.544813408
9.210000,1,1,0,0.2361624478,0.4999867736,5.544889348
9.215000,1,1,0,0.2358938517,0.4999871844,5.544964819
9.220000,1,1,0,0.2356333604,0.499986784,5.545038108
9.225000,1,1,0,0.235381206,0.4999868054,5.545112349
9.230000,1,1,0,0.2351370724,0.4999867999,5.545185222
9.235000,1,1,0,0.2349012348,0.4999868345,5.545260642
9.240000,1,1,0,0.2346243698,0.4999873113,5.545331633
9.245000,1,1,0,0.233074256,0.4999868732,5.545325045
9.250000,1,1,0,0.231573266,0.4999873835,5.545322805
9.255000,1,1,0,0.2313518831,0.4999878334,5.545369238
9.260000,1,1,0,0.2314496087,0.4999882923,5.545392559
9.265000,1,1,0,0.2312821771,0.4999915419,5.54399749
9.270000,0,1,0,0.2309931141,0.4999957427,5.83477949
9.275000,0,1,0,0.2309938485,0.4994469222,5.836131565
9.280000,0,1,0,0.2308202881,0.4994553619,5.836033716
9.285000,0,1,0,0.2306539202,0.4994587356,5.835948922
9.290000,0,1,0,0.2304935917,0.4994622011,5.835864494
9.295000,0,1,0,0.2303393631,0.4994656687,5.835780697
9.300000,0,1,0,0.2301909323,0.499469127,5.835697564
9.305000,0,1,0,0.2300481553,0.4994725887,5.835615053
9.310000,0,1,0,0.2299108902,0.4994760532,5.835533138
9.315000,0,1,0,0.2297790029,0.4994795188,5.835451853
9.320000,0,1,0,0.2296523567,0.4994829745,5.835371207
9.325000,0,1,0,0.2295308079,0.4994864324,5.83529116
9.330000,0,1,0,0.2294142252,0.4994898863,5.835211753
9.335000,0,1,0,0.2293024668,0.4994933323,5.835132943
9.340000,0,1,0,0.2291954006,0.4994967811,5.835054747
9.345000,0,1,0,0.2290928936,0.4995002136,5.834977164
9.350000,0,1,0,0.2289948136,0.499503647,5.834900185
9.355000,0,1,0,0.2289010337,0.4995070626,5.834823824
9.360000,0,1,0,0.2288114241,0.4995104758,5.834748062
9.365000,0,1,0,0.2287258644,0.4995138739,5.83467293
9.370000,0,1,0,0.2286442297,0.4995172655,5.834598409
9.375000,0,1,0,0.2285664022,0.4995206513,5.834524515
9.380000,0,1,0,0.2284922587,0.4995240333,5.834451208
9.385000,0,1,0,0.2284216829,0.4995274204,5.834378476
9.390000,0,1,0,0.2283545645,0.4995307989,5.834306339
9.395000,0,1,0,0.2282907956,0.4995341744,5.834234816
9.400000,0,1,0,0.2282302718,0.4995375429,5.834163924
9.405000,0,1,0,0.2281728884,0.4995409189,5.834093659
9.410000,0,1,0,0.2281185377,0.4995443065,5.834023978
9.415000,0,1,0,0.2280663296,0.4995477193,5.833949511
9.420000,0,1,0,0.2280166456,0.4995511449,5.833873385
9.425000,0,1,0,0.2279702886,0.4995524981,5.833801556
9.430000,0,1,0,0.2277945922,0.4995529596,5.833671695
9.435000,0,1,0,0.2265167953,0.499552795,5.833533229
9.440000,0,1,0,0.2253615088,0.4995276326,5.83372665
9.445000,0,1,0,0.2251656035,0.4994863051,5.832915116
9.450000,0,1,0,0.2262141194,0.4995529581,5.834616225
9.455000,0,1,0,0.2302752371,0.4992367477,5.841138089
9.460000,1,1,0,0.2334221146,0.4994372569,5.537925586
9.475000,0,1,0,0.2291172446,0.4999860253,5.531093851
9.480000,0,1,0,0.2254401014,0.4999865468,5.518853894
9.495000,0,1,0,0.2305717024,0.4999926696,5.507832542
9.500000,0,1,0,0.2304725784,0.499858063,5.507729657
9.505000,0,1,0,0.2303593804,0.4999848842,5.507662774
9.510000,0,1,0,0.230296985,0.4999833947,5.507590152
9.515000,0,1,0,0.230237037,0.4999837996,5.507517685
9.520000,0,1,0,0.2308387144,0.4999834408,5.506310345
9.525000,0,1,0,0.2315463302,0.499984662,5.504987787
9.585000,0,1,0,0.2254579018,0.4999831782,5.507627351
9.590000,0,1,0,0.2253708592,0.4999832839,5.507541337
9.595000,0,1,0,0.2252856669,0.4999834714,5.507455886
9.600000,0,1,0,0.2252026431,0.4999832092,5.50737088
9.605000,0,1,0,0.2251212098,0.4999832495,5.507286398
9.610000,0,1,0,0.225052128,0.4999840328,5.507199845
9.615000,0,1,0,0.2249635475,0.4999848818,5.507142343
9.635000,0,1,0,0.2246241989,0.4999847966,5.506796289
9.640000,0,1,0,0.2245644342,0.4999856792,5.506724469
9.665000,0,1,0,0.2243730242,0.4999837907,5.50626415
9.670000,0,1,0,0.2228566012,0.4999837368,5.511183784
9.675000,0,1,0,0.2224331272,0.4999838422,5.512675644
9.695000,0,1,0,0.2211200219,0.4999818387,5.512915132
9.700000,0,1,0,0.2210872184,0.4999826861,5.512840453
9.705000,0,1,0,0.2210566863,0.499981613,5.512767074
9.710000,0,1,0,0.2204780469,0.4999804217,5.513702649
9.715000,0,1,0,0.2192136212,0.4999830524,5.518608646
9.720000,0,1,0,0.2268849596,0.4993484008,5.553795759
9.730000,0,1,0,0.2693750905,0.499999763,6.055929416
9.730000,1,1,0,0.2693750905,0.4998268559,5.598472703
9.735000,0,1,0,0.2682014761,0.4985612174,6.051541987
9.740000,0,1,0,0.2618828473,0.4966931648,6.038045359
9.745000,0,1,0,0.2547783071,0.4999800858,6.022929721
9.750000,0,1,0,0.2547832808,0.4999795345,6.022383079
9.755000,0,1,0,0.3579270604,0.499979237,6.130642489
9.770000,0,1,0,0.2527864725,0.4999974564,6.024048854
9.775000,0,1,0,0.2543987479,0.4999811914,6.024163736
9.780000,0,1,0,0.2544027305,0.4999818347,6.024134851
9.785000,0,1,0,0.2543990513,0.4999812468,6.024111709
9.790000,0,1,0,0.2543935156,0.4999813466,6.024089347
9.795000,0,1,0,0.2543862053,0.4999811151,6.024067963
9.800000,0,1,0,0.2543771312,0.4999814683,6.024048693
9.805000,0,1,0,0.2552819534,0.4999813247,6.024139096
9.810000,0,1,0,0.545591611,0.4999813792,6.240058196
9.820000,0,1,0,0.2538470758,0.4999930452,6.028051918
9.825000,0,1,0,0.2636927699,0.4999809808,6.028464396
9.830000,0,1,0,0.2656127328,0.4999807499,6.028496384
9.835000,0,1,0,0.2674029481,0.4999816422,6.02853054
9.840000,0,1,0,0.2691042904,0.4999820702,6.028575466
9.845000,0,1,0,0.2691373483,0.4999822428,6.0290649
9.850000,0,1,0,0.2681691066,0.4999817568,6.029544552
9.855000,0,1,0,0.2684942335,0.4999928232,6.029596522
9.860000,0,1,0,0.269439021,0.4999825095,6.029632178
9.865000,0,1,0,0.2702977434,0.4999826412,6.02958867
9.870000,1,1,0,0.2711067118,0.4999818777,6.029567528
9.875000,1,1,0,0.2718684291,0.4999808523,6.029550817
9.880000,1,1,0,0.2725819719,0.4999806723,6.029521101
9.885000,1,1,0,0.2732607936,0.4999816211,6.029519153
9.890000,1,1,0,0.2739055989,0.499980093,6.029526985
9.895000,1,1,0,0.274521005,0.4999810135,6.029550629
9.900000,1,1,0,0.275111491,0.4999793821,6.029584644
9.905000,1,1,0,0.2756706584,0.4999803152,6.029592359
9.910000,1,1,0,0.257354406,0.4999812093,6.030997784
9.915000,0,1,0,0.240648666,0.4999808397,6.035893364
9.920000,0,1,0,0.2607332458,0.4999816864,6.034425973
9.925000,0,1,0,0.2585247273,0.499981741,6.029279605
9.930000,0,1,0,0.2384886568,0.4999822812,6.029071338
9.935000,0,1,0,0.2402849478,0.4999824463,6.029037798
9.940000,0,1,0,0.2420615116,0.4999826142,6.029002942
9.945000,0,1,0,0.2437542344,0.4999827554,6.028968904
9.950000,0,1,0,0.2453305203,0.4999822418,6.0289344
9.955000,0,1,0,0.2899294262,0.4999824988,6.090922554
9.960000,0,1,0,0.3170637229,0.4999824634,6.111359902
9.985000,1,1,0,0.2323391347,0.4999756898,5.569935411
9.990000,2,1,0,0.2359765594,0.4993911228,5.591200338
9.995000,1,1,0,0.2364909301,0.4999897077,5.592271696
10.000000,1,1,0,0.2348148595,0.4999897598,5.592208645
10.005000,1,1,0,0.2330011512,0.4999941283,5.592143584
10.010000,1,1,0,0.2331338232,0.4999941054,5.592195692
10.015000,1,1,0,0.2332103612,0.4999948984,5.592244915
10.020000,1,1,0,0.2332307758,0.499994692,5.592287834
10.025000,1,1,0,0.2332037779,0.499994472,5.592328143
10.030000,1,1,0,0.2331341328,0.4999946785,5.592365205
10.035000,1,1,0,0.2330260436,0.4999942693,5.592398323
10.040000,1,1,0,0.2328855612,0.4999942613,5.592429494
10.045000,1,1,0,0.2327163227,0.4999942673,5.592458276
10.050000,1,1,0,0.2325219102,0.4999942488,5.592484583
10.055000,1,1,0,0.2323067706,0.4999942627,5.592509838
10.060000,1,1,0,0.2318964038,0.4999944708,5.592468327
10.065000,1,1,0,0.2291190344,0.4999942217,5.592332926
10.070000,0,1,0,0.2262789459,0.4999798486,6.0551934
10.075000,0,1,0,0.2257728871,0.499952271,6.055102089
10.080000,0,1,0,0.2255006119,0.499979349,6.055014313
10.085000,0,1,0,0.2252245005,0.4999587326,6.054933899
10.090000,0,1,0,0.2249515983,0.4999831114,6.054896602
10.095000,0,1,0,0.2251485605,0.4999642876,6.054835538
10.100000,1,1,0,0.2253192644,0.4999890312,5.592635187
10.105000,1,1,0,0.2250146153,0.4999900013,5.59269296
10.110000,2,1,0,0.224706453,0.4999896737,5.592739886
10.115000,2,1,0,0.2238917752,0.4999893216,5.592627689
10.120000,2,1,0,0.2234495016,0.4999893799,5.593277773
10.125000,0,1,0,0.2317354557,0.4999286793,6.067197768
10.130000,2,1,0,0.2434969772,0.49985968,5.620703862
10.135000,2,1,0,0.2431949291,0.4999857937,5.620937781
10.140000,2,1,0,0.2428306212,0.4999863053,5.621060813
10.145000,2,1,0,0.2444984558,0.4999862321,5.623155251
10.150000,2,1,0,0.2416606032,0.4999861272,5.621022251
10.160000,0,1,0,0.2322666526,0.4999961073,5.611308497
10.165000,0,1,0,0.2308914406,0.4999876454,5.611176047
10.170000,1,1,0,0.2310496108,0.4999952337,6.274965705
10.175000,0,1,0,0.2323657781,0.4999260277,6.282758419
10.180000,0,1,0,0.2328996854,0.4999389084,0.002445433458
10.185000,0,1,0,0.2320066923,0.4999935612,0.0002891168123
10.185000,1,1,0,0.2320066923,0.499981311,5.639014222
10.190000,0,1,0,0.2318088608,0.4999704539,0.0002885804542
10.195000,0,1,0,0.2315852659,0.4999666325,0.0002787862236
10.200000,0,1,0,0.2319387751,0.4999469071,0.0006470984501
10.205000,0,1,0,0.2297403649,0.499931394,6.264730578
10.210000,3,1,0,0.2350445041,0.4990618475,5.808955952
10.215000,3,1,0,0.2344752965,0.4998803078,5.810732261
10.220000,3,1,0,0.2342328763,0.4999483659,5.810854648
10.225000,3,1,0,0.2340286393,0.4999570784,5.810859351
10.230000,3,1,0,0.2338351391,0.499959628,5.810851489
10.235000,2,1,0,0.2336485547,0.4999610244,5.810844071
10.240000,2,1,0,0.2334687185,0.4999628221,5.810837253
10.245000,2,1,0,0.2332965347,0.499963154,5.810827571
10.250000,2,1,0,0.2331310976,0.4999634777,5.810817718
10.255000,2,1,0,0.2329722758,0.499963801,5.810807723
10.260000,2,1,0,0.2328199381,0.4999641237,5.810797591
10.265000,2,1,0,0.2326739495,0.4999644459,5.81078733
10.270000,2,1,0,0.2325341769,0.4999647675,5.81077693
10.275000,2,1,0,0.2468353273,0.4999650886,5.84464959
10.280000,2,1,0,0.277152711,0.4999654175,5.875501244
10.290000,1,1,0,0.2633368363,0.4999793375,5.865616209
10.295000,1,1,0,0.2578099186,0.4999800958,5.860784969
10.300000,1,1,0,0.252829916,0.4999819554,5.855975518
10.305000,1,1,0,0.2483809634,0.4999842263,5.851151367
10.310000,1,1,0,0.2444656718,0.4999858519,5.846281976
10.315000,1,1,0,0.2410965627,0.4999873306,5.841336802
10.320000,1,1,0,0.238297019,0.4999887352,5.83628378
10.325000,1,1,0,0.2361024424,0.4999901278,5.831087865
10.330000,1,1,0,0.2342787473,0.499991359,5.825688848
10.335000,1,1,0,0.2309688354,0.4999926544,5.821022456
10.340000,1,1,0,0.2300304703,0.4999932548,5.816278557
10.345000,1,1,0,0.230921898,0.4982357785,5.811449757
10.355000,0,1,0,0.2338427978,0.4993749552,5.802918747
10.360000,0,1,0,0.2333965328,0.4997404874,5.802913847
10.365000,0,1,0,0.2332277171,0.499991891,5.802959528
10.370000,0,1,0,0.233168978,0.4999918007,5.802981846
10.375000,1,1,0,0.2331136891,0.4999918518,5.803003687
10.380000,1,1,0,0.2330619447,0.4999916159,5.803024868
10.385000,1,1,0,0.2330135203,0.4999913805,5.803045552
10.390000,2,1,0,0.2329682833,0.4999913015,5.803065817
10.395000,3,1,0,0.2329184344,0.4999911143,5.803083914
10.400000,3,1,0,0.2328909401,0.4999908341,5.80309717
10.405000,3,1,0,0.2309708157,0.4999785246,5.810689266
10.415000,3,1,0,0.2284811114,0.4993347661,5.832345799
10.420000,2,1,0,0.2298703231,0.497815639,6.081203645
10.425000,2,1,0,0.2283155988,0.4999795,6.081084368
10.430000,2,1,0,0.2283358258,0.4999792673,6.081006078
10.435000,2,1,0,0.2283556794,0.4999790899,6.080930424
10.440000,1,1,0,0.2283739916,0.4999801765,6.080857296
10.445000,1,1,0,0.2283915802,0.4999805568,6.080786627
10.450000,1,1,0,0.2284084337,0.4999809429,6.080718343
10.455000,1,1,0,0.228424822,0.4999808312,6.08065237
10.460000,1,1,0,0.2284398022,0.4999808805,6.080588651
10.465000,2,1,0,0.2284542213,0.4999810571,6.080527119
10.470000,2,1,0,0.2284691162,0.4999801785,6.080467691
10.475000,2,1,0,0.2284823098,0.4999797842,6.080410317
10.480000,2,1,0,0.2284949575,0.4999806585,6.080354936
10.485000,1,1,0,0.2285075774,0.4999800887,6.080301484
10.490000,1,1,0,0.2285187596,0.499981063,6.080249914
10.495000,1,1,0,0.2285284744,0.4999818213,6.0802002
10.500000,1,1,0,0.2285375858,0.4999825498,6.080152294
10.505000,1,1,0,0.2285478666,0.4999813299,6.08010611
10.510000,2,1,0,0.22855699,0.4999800103,6.080061604
10.515000,2,1,0,0.2285657151,0.499980194,6.080018723
10.520000,2,1,0,0.22857435,0.4999790184,6.079977418
10.525000,2,1,0,0.228581445,0.4999795885,6.079937665
10.530000,2,1,0,0.2285892431,0.4999795973,6.079899396
10.535000,2,1,0,0.2509976078,0.4999791391,6.114763684
10.540000,2,1,0,0.1464035773,0.4999804688,6.110751911
10.545000,0,1,0,1.769522169e-05,0.4999991654,0.2029070626
10.545000,2,1,0,1.769522169e-05,0.4999789193,6.070325637
10.550000,0,1,0,1.668566251e-05,0.4999996164,0.1988627158
10.550000,2,1,0,1.668566251e-05,0.4999824855,6.068829893
10.555000,0,1,0,1.571167642e-05,0.4999973796,0.195556962
10.555000,2,1,0,1.571167642e-05,0.499982948,6.067880232
10.560000,0,1,0,1.46737038e-05,0.4999955137,0.1926903243
10.560000,2,1,0,1.46737038e-05,0.4999837281,6.067205853
10.565000,0,1,0,1.359307206e-05,0.4999943909,0.1898755058
10.565000,2,1,0,1.359307206e-05,0.4999851577,6.066544176
10.570000,0,1,0,1.252598239e-05,0.4999927007,0.1871101479
10.570000,2,1,0,1.252598239e-05,0.4999858565,6.065894257
10.575000,0,1,0,1.175356953e-05,0.4999920399,0.1843929689
10.575000,2,1,0,1.175356953e-05,0.4999874574,6.065255836
10.580000,0,1,0,1.065861081e-05,0.4999905478,0.181722076
10.580000,2,1,0,1.065861081e-05,0.499988035,6.064628533
10.585000,0,1,0,9.681128333e-06,0.4999893495,0.1790972769
10.585000,2,1,0,9.681128333e-06,0.4999888272,6.064012306
10.590000,0,1,0,9.257936971e-06,0.4999896166,0.1765170004
10.590000,2,1,0,9.257936971e-06,0.4999909135,6.063406847
10.595000,0,1,0,9.619492358e-06,0.4999882496,0.1739797866
10.595000,2,1,0,9.619492358e-06,0.4999912226,6.062811859
10.600000,0,1,0,9.60891119e-06,0.4999875457,0.1714846919
10.600000,2,1,0,9.60891119e-06,0.4999921712,6.062227132
10.605000,0,1,0,9.14809644e-06,0.4999857989,0.1690307973
10.605000,2,1,0,9.14809644e-06,0.499992244,6.061652473
10.610000,0,1,0,9.563793306e-06,0.4999854424,0.1666174199
10.610000,2,1,0,9.563793306e-06,0.499993605,6.061087748
10.615000,0,1,0,9.466481412e-06,0.4999845866,0.1642430203
10.615000,2,1,0,9.466481412e-06,0.4999944845,6.06053263
10.620000,0,1,0,8.426073455e-06,0.4999831079,0.1619067135
10.620000,2,1,0,8.426073455e-06,0.4999948536,6.059986915
10.625000,0,1,0,7.47605758e-06,0.499982642,0.1596081273
10.625000,2,1,0,7.47605758e-06,0.4999961521,6.059450535
10.630000,0,1,0,7.335178843e-06,0.4999832445,0.1573463845
10.630000,2,1,0,7.335178843e-06,0.4999982766,6.058923312
10.635000,0,1,0,6.376485434e-06,0.4999833472,0.1551195585
10.635000,2,1,0,6.376485434e-06,0.4999997847,6.058404814
10.640000,0,1,0,1.338754949e-05,0.4999819794,0.1529355124
10.640000,2,1,0,1.338754949e-05,0.4999999597,6.057901578
10.645000,0,1,0,2.945705766e-05,0.4999845305,0.1507871508
10.650000,0,1,0,2.608522904e-05,0.4999870706,0.1486606979
10.655000,0,1,0,1.354523518e-05,0.4999876906,0.1465605194
10.660000,0,1,0,6.937786654e-06,0.4999850011,0.1444947846
10.660000,2,1,0,6.937786654e-06,0.4999991417,6.055940466
10.665000,0,1,0,8.608003821e-06,0.4999826361,0.1424676363
10.665000,2,1,0,8.608003821e-06,0.4999984325,6.055473913
10.670000,0,1,0,2.884315178e-05,0.4999844352,0.1404826013
10.675000,0,1,0,5.327348072e-05,0.4999905222,0.1385277569
10.680000,0,1,0,4.844095262e-05,0.4999971622,0.1365854344
10.690000,0,1,0,8.51199891e-06,0.4999953804,0.1327652234
10.690000,2,1,0,8.51199891e-06,0.4999971523,6.053241916
10.695000,0,1,0,7.12602951e-06,0.4999912139,0.1309080745
10.695000,2,1,0,7.12602951e-06,0.4999943377,6.052817033
10.700000,0,1,0,7.255315398e-06,0.4999905075,0.1290781235
10.700000,2,1,0,7.255315398e-06,0.4999949022,6.052399103
10.705000,0,1,0,6.82262514e-06,0.4999894118,0.127274159
10.705000,2,1,0,6.82262514e-06,0.4999951628,6.051987855
10.710000,0,1,0,6.585646027e-06,0.4999887035,0.1254958929
10.710000,2,1,0,6.585646027e-06,0.4999958073,6.051583218
10.715000,0,1,0,6.664492426e-06,0.4999884631,0.1237426923
10.715000,2,1,0,6.664492426e-06,0.4999968394,6.051185045
10.720000,0,1,0,6.393058297e-06,0.4999877698,0.1220138489
10.720000,2,1,0,6.393058297e-06,0.4999974413,6.05079317
10.725000,0,1,0,6.215967805e-06,0.4999870351,0.1203090837
10.725000,2,1,0,6.215967805e-06,0.4999980179,6.050407519
10.730000,0,1,0,5.814633594e-06,0.499986763,0.1186277652
10.730000,2,1,0,5.814633594e-06,0.4999989835,6.050027945
10.735000,0,1,0,5.614458712e-06,0.4999860246,0.1169709801
10.735000,2,1,0,5.614458712e-06,0.4999995157,6.049655578
10.740000,0,1,0,8.103695306e-06,0.4999862072,0.1153375589
10.745000,0,1,0,8.917720344e-06,0.4999859854,0.1137248084
10.750000,0,1,0,1.142799664e-05,0.4999856977,0.1121345841
10.755000,0,1,0,1.340935262e-05,0.499986274,0.1105647374
10.760000,0,1,0,9.500769418e-06,0.4999858923,0.1092235228
10.765000,0,1,0,5.517539387e-06,0.4999842226,0.107947332
10.770000,0,1,0,1.50605228e-05,0.4999829993,0.106703722
10.775000,0,1,0,3.141459777e-05,0.4999872137,0.105483555
10.780000,0,1,0,2.477309632e-05,0.4999900394,0.1042710614
10.785000,0,1,0,1.322763234e-05,0.4999882832,0.103076388
10.790000,0,1,0,1.003876818e-05,0.4999829369,0.1019091245
10.790000,2,1,0,1.003876818e-05,0.4999971808,6.047137034
10.795000,0,1,0,8.854563802e-06,0.4999807417,0.1007663134
10.795000,2,1,0,8.854563802e-06,0.4999969826,6.047012361
10.800000,0,1,0,7.684635376e-06,0.4999795532,0.09964561901
10.800000,2,1,0,7.684635376e-06,0.4999977888,6.046895363
10.805000,0,1,0,9.055771464e-06,0.4999801568,0.09855088454
10.810000,0,1,0,1.366251942e-05,0.4999812476,0.09747620052
10.815000,0,1,0,1.374752725e-05,0.4999800927,0.09641980821
10.820000,0,1,0,9.191990497e-06,0.4999797219,0.09538282836
10.825000,0,1,0,1.350863562e-05,0.4999770308,0.0943727418
10.830000,0,1,0,2.21631762e-05,0.4999799916,0.09338432159
10.835000,0,1,0,1.656899514e-05,0.4999790871,0.09240926844
10.840000,0,1,0,1.428607717e-05,0.499978287,0.09145661403
10.845000,0,1,0,1.64598577e-05,0.4999777155,0.09052667978
10.850000,0,1,0,2.701614754e-05,0.4999788034,0.08962052449
10.855000,0,1,0,4.113206177e-05,0.4999824586,0.0887355799
10.860000,0,1,0,5.117673484e-05,0.4999877665,0.08786776321
10.865000,0,1,0,0.01819635378,0.499993489,0.08750103269
10.875000,0,1,0,0.2539685887,0.4966651022,0.1096641956
10.905000,0,1,0,0.239097317,0.4999964399,0.111341064
10.910000,0,1,0,0.2255176677,0.4999803092,0.1106709587
10.915000,0,1,0,0.2276544943,0.499980858,0.1113022543
10.920000,0,1,0,0.2298026847,0.4999794712,0.1119374988
10.925000,0,1,0,0.2318644585,0.499979381,0.1125671387
10.930000,0,1,0,0.2338074809,0.499980164,0.1131885032
10.935000,0,1,0,0.2356099415,0.4999800383,0.1137997428
10.940000,0,1,0,0.2372600997,0.499981182,0.1143998423
10.945000,0,1,0,0.2387673007,0.4999809176,0.1149882426
10.950000,0,1,0,0.2330088251,0.4999820508,0.1198992156
10.955000,0,1,0,0.2320820511,0.4999778219,0.1201016531
10.960000,0,1,0,0.2371037262,0.4957101389,0.1155236249
10.965000,0,1,0,0.2912580541,0.4997930862,0.1266974288
10.995000,0,1,0,1.078730311,0.4999694717,0.4362139934
11.000000,0,1,0,0.8512514021,0.4999708822,0.422011239
11.005000,0,1,0,0.945499458,0.4999950766,0.4174357298
11.040000,0,1,0,0.4066740644,0.4999829154,6.281852288
11.045000,2,1,0,0.428626059,0.4999785998,5.88166743
11.050000,2,1,0,0.4315787622,0.4999780653,5.881598592
11.055000,1,1,0,0.4341750659,0.4999816823,5.881549295
11.060000,2,1,0,0.4366950293,0.4999810684,5.881502743
11.065000,2,1,0,0.4391395865,0.4999776648,5.881458766
11.070000,2,1,0,0.4415099264,0.4999789542,5.881417288
11.075000,1,1,0,0.4438110042,0.4999769352,5.881378191
11.080000,0,1,0,0.4460394981,0.4999782182,5.881341424
11.085000,0,1,0,0.4481969993,0.4999794259,5.881306914
11.090000,0,1,0,0.4394752829,0.4999805688,5.882340529
11.095000,0,1,0,0.2148663985,0.4999790015,5.883858872
11.100000,1,1,0,3.166956886e-05,0.4999831458,6.134109597
11.105000,1,1,0,2.983744681e-05,0.4999723053,6.133310899
11.110000,1,1,0,3.23975459e-05,0.4999727904,6.132523123
11.115000,1,1,0,3.43869468e-05,0.4999707021,6.131747561
11.120000,1,1,0,3.66109839e-05,0.4999688304,6.130983667
11.125000,1,1,0,3.896279285e-05,0.4999667905,6.130231249
11.130000,1,1,0,4.146654174e-05,0.4999646258,6.129490069
11.135000,1,1,0,4.412971572e-05,0.4999623208,6.128759901
11.140000,1,1,0,4.696296103e-05,0.4999598676,6.128040519
11.145000,1,1,0,4.997677189e-05,0.4999572567,6.127331702
11.150000,1,1,0,5.318292013e-05,0.4999544781,6.126633231
11.155000,1,1,0,5.659366332e-05,0.499951521,6.125944891
11.160000,1,1,0,6.022204606e-05,0.4999483742,6.125266472
11.165000,1,1,0,6.408164319e-05,0.4999450255,6.124597767
11.170000,1,1,0,6.818700118e-05,0.4999414621,6.123938571
11.175000,1,1,0,7.255431623e-05,0.4999376703,6.123288685
11.180000,1,1,0,7.720010118e-05,0.4999336358,6.122647912
11.185000,1,1,0,8.214203946e-05,0.4999293427,6.122016059
11.190000,1,1,0,8.73990823e-05,0.4999247751,6.121392938
11.195000,1,1,0,9.299134203e-05,0.4999199152,6.120778362
11.200000,1,1,0,9.894041055e-05,0.4999147445,6.120172149
11.205000,1,1,0,0.0001052683695,0.4999092434,6.119574121
11.210000,1,1,0,0.0001119996739,0.4999033906,6.118984102
11.215000,1,1,0,0.0001191603241,0.4998971639,6.118442188
11.220000,1,1,0,0.0001267237295,0.4998905397,6.118124257
11.225000,1,1,0,0.0001346316904,0.4998834925,6.117813642
11.230000,1,1,0,0.0001430869584,0.4998760133,6.117509154
11.235000,1,1,0,0.0001521755186,0.4998681405,6.117210604
11.240000,1,1,0,0.0001618108525,0.4998596805,6.116917903
11.245000,1,1,0,0.0001720566996,0.4998506981,6.116630896
11.250000,1,1,0,0.0007093053158,0.499841146,6.116861362
11.255000,1,1,0,0.01062278993,0.4998309907,6.118035211
11.260000,1,1,0,0.01384861701,0.4995623735,6.119048153
11.265000,1,1,0,0.005646940442,0.4977546739,6.119764057
11.270000,1,1,0,0.002866464308,0.4971869065,6.120580515
11.275000,1,1,0,0.002130326409,0.4970038184,6.121458759
11.280000,1,1,0,0.0020910747,0.4969871273,6.122353523
11.285000,1,1,0,0.005928515693,0.4971089333,6.123430214
11.290000,1,1,0,0.1328975881,0.4971179091,6.129251336
11.295000,1,1,0,0.2491339787,0.4956439461,6.134099752
11.300000,1,1,0,0.2625877646,0.497484801,6.135436232
11.305000,1,1,0,0.2673763102,0.4997876536,6.13627403
11.310000,1,1,0,0.2467346805,0.499977476,6.134257774
11.315000,1,1,0,0.2377832679,0.4999798847,6.133707041
11.320000,1,1,0,0.2291788312,0.4999810798,6.133214321
11.325000,0,1,0,0.220527858,0.4999815891,6.132754288
11.330000,0,1,0,0.2116711196,0.4999815858,6.132258732
11.335000,0,1,0,0.2029059677,0.4999814797,6.132307602
11.340000,0,1,0,0.19667666,0.4982539124,6.131859039
11.345000,0,1,0,0.2069658926,0.4984647416,6.131986684
11.350000,0,1,0,0.2096434992,0.4962355919,6.132469603
11.475000,0,1,0,0.1998842223,0.4999854869,6.138330613
11.480000,0,1,0,0.205063499,0.4949715702,6.137246972
11.485000,0,1,0,0.2044855004,0.4983759185,6.137734389
11.535000,0,1,0,1.037060378,0.4999699309,0.3735616153
11.540000,0,1,0,0.9453870906,0.4999941167,0.2882520231
11.560000,2,1,0,0.8862761502,0.4999808684,0.1907139107
11.565000,1,1,0,0.8715948791,0.4999784845,0.1890927068
11.570000,1,1,0,0.8571230369,0.499980817,0.1875668361
11.575000,1,1,0,0.8430067134,0.4999766569,0.1861152949
11.580000,2,1,0,0.571820078,0.4999765357,0.1646849785
11.585000,2,1,0,0.1550281963,0.4999764255,0.115025033
11.590000,0,1,0,5.549190833e-05,0.4999797294,6.15808314
11.595000,0,1,0,9.107014541e-05,0.4999866223,6.157370875
11.600000,0,1,0,0.0001182653264,0.4999864754,6.15666521
11.605000,0,1,0,0.0001469829352,0.4999836199,6.155970822
11.610000,0,1,0,0.0001818863846,0.4999797372,6.155289645
11.615000,0,1,0,0.0002249924449,0.4999748754,6.154622401
11.620000,0,1,0,0.0002783176403,0.4999688363,6.153969813
11.625000,0,1,0,0.0003442955564,0.4999613408,6.153332797
11.630000,0,1,0,0.000425928536,0.4999520384,6.152712535
11.635000,0,1,0,0.0005269273972,0.4999404935,6.152110532
11.640000,0,1,0,0.0006518787178,0.4999261656,6.151528695
11.645000,0,1,0,0.0008064552657,0.499908384,6.150969427
11.650000,0,1,0,0.0009976691063,0.499886317,6.150435739
11.655000,0,1,0,0.001234184538,0.4998589329,6.149931397
11.660000,0,1,0,0.001526709432,0.4998249527,6.149461091
11.665000,0,1,0,0.001888474153,0.4997827898,6.149030655
11.670000,0,1,0,0.002335819292,0.499730478,6.148647331
11.675000,0,1,0,0.002888926609,0.4996655795,6.148320097
11.680000,0,1,0,0.003572717725,0.4995850736,6.148060077
11.685000,0,1,0,0.003542025471,0.4994852176,6.147533413
11.690000,0,1,0,0.003117022783,0.4993613747,6.14666
11.695000,0,1,0,0.002716775682,0.4993212869,6.145478297
11.700000,0,1,0,0.01277198231,0.499174719,6.145232961
11.705000,0,1,0,0.03987758159,0.4989717663,6.14583502
11.715000,0,1,0,0.05199888223,0.4999950959,6.144721119
11.720000,0,1,0,0.05242074242,0.4999944909,6.144366438
11.725000,0,1,0,0.05285473495,0.4999936173,6.144016808
11.730000,0,1,0,0.05328715874,0.4999939736,6.143672978
11.735000,0,1,0,0.05372215803,0.4999948069,6.143334516
11.740000,0,1,0,0.05415820622,0.4999959105,6.143000882
11.745000,0,1,0,0.05459248806,0.4999987452,6.1426736
11.775000,0,1,0,0.1773848635,0.4999585286,6.150406902
11.780000,0,1,0,0.204825252,0.4995225998,6.152209197
11.785000,0,1,0,0.2166803723,0.499784512,6.153082262
11.790000,0,1,0,0.1860960895,0.4999539894,6.15126958
11.795000,0,1,0,0.1916131011,0.499977857,6.151826417
11.805000,0,1,0,0.1588397512,0.4999622565,6.150253073
11.810000,0,1,0,0.1530901112,0.4999633333,6.150287274
11.900000,0,1,0,0.08838718378,0.4959567275,6.153753219
11.905000,0,1,0,0.09843114514,0.4974928866,6.154025127
11.910000,0,1,0,0.1231611924,0.4986201705,6.15443639
11.915000,0,1,0,0.1387631322,0.4997774716,6.154758916
11.925000,0,1,0,0.1407932227,0.4988782063,6.15667839
11.930000,0,1,0,0.1372621847,0.4971196841,6.156739789
11.935000,0,1,0,0.1361578351,0.4995138416,6.157100106
11.940000,0,1,0,0.1365928052,0.4999428161,6.157429987
11.945000,0,1,0,0.1365252567,0.4999732058,6.157775855
11.950000,0,1,0,0.1362523762,0.4999725321,6.15810999
11.955000,0,1,0,0.1360378967,0.4999731082,6.158428734
11.960000,0,1,0,0.1368405049,0.4999736931,6.158723187
11.965000,0,1,0,0.1378477762,0.499998661,6.159006986
11.970000,0,1,0,0.1494199849,0.4999728138,6.159878468
11.975000,0,1,0,0.1980461285,0.499972453,6.162312796
11.980000,0,1,0,0.2355776755,0.4999735075,6.164084876
11.985000,0,1,0,0.2295148693,0.4999698568,6.164377054
11.990000,0,1,0,0.224188044,0.499966706,6.163457986
11.995000,0,1,0,0.2267191635,0.4963322425,6.162527895
12.000000,0,1,0,0.2499093121,0.4997748538,6.165490126
12.040000,1,1,0,0.9345572727,0.499966137,5.852287969
12.045000,1,1,0,0.9257996096,0.4999643624,5.852363813
12.050000,2,1,0,0.7218379133,0.4999641116,5.869802659
12.055000,2,1,0,0.5052666317,0.4999622121,5.886212295
12.060000,2,1,0,0.643542668,0.4999913993,5.879230165
12.165000,0,1,0,0.01316905953,0.4999702549,0.2007841632
12.180000,0,1,0,4.480998537e-05,0.4999699697,0.2003339131
12.185000,0,1,0,4.204285299e-05,0.4999840134,0.2005270533
12.190000,0,1,0,5.955073022e-05,0.4999841726,0.2007284679
12.195000,0,1,0,8.01005239e-05,0.4999841898,0.2009283707
12.200000,0,1,0,8.139731013e-05,0.499994353,0.2011206121
12.205000,0,1,0,8.233066095e-05,0.4999944408,0.2013100902
12.210000,0,1,0,8.407582664e-05,0.4999945545,0.2014975322
12.215000,0,1,0,8.587904404e-05,0.4999945188,0.2016826906
12.220000,0,1,0,8.68309341e-05,0.4999946306,0.2018652962
12.225000,0,1,0,0.000157017494,0.4999945971,0.2020709563
12.230000,0,1,0,0.003114635445,0.4999947513,0.2032977382
12.235000,0,1,0,0.05488954569,0.4999750052,0.2110121305
12.240000,0,1,0,0.1640951553,0.4996178286,0.222404683
12.250000,0,1,0,0.206055093,0.4999996931,0.2298068162
12.255000,0,1,0,0.2093836723,0.4950322298,0.2293325591
12.260000,0,1,0,0.2083627442,0.4979222449,0.2282433854
12.265000,0,1,0,0.2277306064,0.4998291701,0.2279699623
12.320000,0,1,0,1.022922808,0.4999846426,0.1550753187
12.340000,0,1,0,1.029535963,0.4994409957,0.3313091933
12.380000,0,1,0,0.6999005042,0.4999789565,0.2019398091
12.390000,1,1,0,0.7030223973,0.499978629,0.2023418821
12.395000,2,1,0,0.5714902732,0.4999817214,0.1975850769
12.400000,2,1,0,0.4413685865,0.4999784484,0.1917281992
12.405000,2,1,0,0.3808383515,0.4999880133,0.185485545
12.410000,1,1,0,0.2699451598,0.499987162,0.1761585446
12.415000,1,1,0,0.21572736,0.4999891108,0.1715084949
12.455000,0,1,0,0.210286262,0.4999877794,0.1644493054
12.460000,0,1,0,0.2115111056,0.4990259026,0.1546130097
12.465000,1,1,0,0.2124186459,0.4991170742,5.984965678
12.470000,1,1,0,0.2118298935,0.4999794808,5.984975245
12.475000,1,1,0,0.2115824227,0.4999797078,5.984975946
12.480000,1,1,0,0.2113454442,0.4999810148,5.984976367
12.485000,1,1,0,0.2111193918,0.4999799082,5.984976678
12.490000,1,1,0,0.210902783,0.4999811794,5.984976791
12.495000,1,1,0,0.2106934934,0.4999791109,5.98497618
12.500000,1,1,0,0.2104975757,0.4999803371,5.984975673
12.505000,1,1,0,0.2103105328,0.4999823456,5.984975215
12.510000,1,1,0,0.2101313057,0.4999812387,5.984974566
12.515000,1,1,0,0.2092493758,0.4999814112,5.984795156
12.520000,1,1,0,0.2086312474,0.4999802964,5.984430491
12.525000,1,1,0,0.2090717266,0.4997006603,5.984560064
12.545000,1,1,0,0.211006767,0.499974293,0.2979692204
12.550000,1,1,0,0.2105709015,0.4999860767,6.05486341
12.555000,1,1,0,0.2102694028,0.4999299486,6.053135031
12.560000,0,1,0,0.2087349394,0.4999683052,6.048209072
12.575000,0,1,0,0.2072562674,0.4999587554,6.031183502
12.580000,0,1,0,0.2079072315,0.4998963303,6.027140093
12.585000,0,1,0,0.2074741863,0.4999202395,6.027071656
12.590000,0,1,0,0.2068462249,0.499981398,6.027925582
12.595000,0,1,0,0.2072647349,0.4997904528,6.026861231
